-- MySQL dump 10.13  Distrib 8.0.18, for osx10.15 (x86_64)
--
-- Host: localhost    Database: project_base
-- ------------------------------------------------------
-- Server version	8.0.18

/*!40101 SET @OLD_CHARACTER_SET_CLIENT=@@CHARACTER_SET_CLIENT */;
/*!40101 SET @OLD_CHARACTER_SET_RESULTS=@@CHARACTER_SET_RESULTS */;
/*!40101 SET @OLD_COLLATION_CONNECTION=@@COLLATION_CONNECTION */;
/*!50503 SET NAMES utf8mb4 */;
/*!40103 SET @OLD_TIME_ZONE=@@TIME_ZONE */;
/*!40103 SET TIME_ZONE='+00:00' */;
/*!40014 SET @OLD_UNIQUE_CHECKS=@@UNIQUE_CHECKS, UNIQUE_CHECKS=0 */;
/*!40014 SET @OLD_FOREIGN_KEY_CHECKS=@@FOREIGN_KEY_CHECKS, FOREIGN_KEY_CHECKS=0 */;
/*!40101 SET @OLD_SQL_MODE=@@SQL_MODE, SQL_MODE='NO_AUTO_VALUE_ON_ZERO' */;
/*!40111 SET @OLD_SQL_NOTES=@@SQL_NOTES, SQL_NOTES=0 */;

--
-- Temporary view structure for view `administrators_view`
--

DROP TABLE IF EXISTS `administrators_view`;
/*!50001 DROP VIEW IF EXISTS `administrators_view`*/;
SET @saved_cs_client     = @@character_set_client;
/*!50503 SET character_set_client = utf8mb4 */;
/*!50001 CREATE VIEW `administrators_view` AS SELECT 
 1 AS `login`,
 1 AS `type`,
 1 AS `name`*/;
SET character_set_client = @saved_cs_client;

--
-- Table structure for table `budgets_actual_costs`
--

DROP TABLE IF EXISTS `budgets_actual_costs`;
/*!40101 SET @saved_cs_client     = @@character_set_client */;
/*!50503 SET character_set_client = utf8mb4 */;
CREATE TABLE `budgets_actual_costs` (
  `stages_id` int(10) unsigned NOT NULL,
  `material_sum` float DEFAULT NULL,
  `semimanufactures_sum` float DEFAULT NULL,
  `salary_sum` float DEFAULT NULL,
  `total` float GENERATED ALWAYS AS (((`material_sum` + `semimanufactures_sum`) + `salary_sum`)) STORED COMMENT 'Фактически затрачено',
  PRIMARY KEY (`stages_id`),
  CONSTRAINT `budgets_actual_costs_stages_id_fk` FOREIGN KEY (`stages_id`) REFERENCES `stages` (`id`) ON DELETE CASCADE
) ENGINE=InnoDB DEFAULT CHARSET=utf8mb4 COLLATE=utf8mb4_general_ci;
/*!40101 SET character_set_client = @saved_cs_client */;

--
-- Dumping data for table `budgets_actual_costs`
--

LOCK TABLES `budgets_actual_costs` WRITE;
/*!40000 ALTER TABLE `budgets_actual_costs` DISABLE KEYS */;
INSERT INTO `budgets_actual_costs` (`stages_id`, `material_sum`, `semimanufactures_sum`, `salary_sum`) VALUES (1,487878,451696,2525890),(2,1764010,649738,669634),(3,3428820,308208,2349420),(4,7596770,20425100,1296140),(5,883305,3692980,2456550),(6,4758820,3378190,1432280),(7,2465060,775744,620670),(8,1753710,322750,1136020),(9,1756570,2325720,378684000),(10,1546030,89787800,848169),(11,421779,2938370,2194600),(12,2031910,667414,2404020),(13,1834480,4161540,549419),(14,1220910,2325940,1682710),(15,2914490,2743790,828729),(16,1511990,868427,1190570),(17,2081490,1068140,1588230),(18,1601350,10234700,336085),(19,261973000,2019500,1906770),(20,2397090,2593340,1801250),(21,740028,786470,1404380),(22,2798410,2772190,2992450),(23,11518500,1447830,3028880),(24,286218000,1142520,13159200),(25,1963870,3201180,156373000),(26,1629910,1503720,2934260),(27,1728090,26094700,1926880),(28,2811590,1816330,1887710),(29,614650,2430260,5004720),(30,1171250,2681390,21177200),(31,41736300,2898060,19289000),(32,6485790,1597230,1149770),(33,1536160,34324,594109),(34,1410430,1217210,250107000),(35,1030460,2149110,14545700),(36,2816070,2206270,2456520),(37,2149800,1865260,103968000),(38,1276580,643227,3047080),(39,954307,472037,1125040),(40,56550.1,1644320,2437780),(41,2083210,2377040,29283100),(42,2743040,2302430,443161000),(43,603627,550834,379390000),(44,4042040,1051970,674227),(45,1688460,36065700,623640),(46,4657320,122669000,2526470),(47,2418190,221323,83724700),(48,2944210,1985050,1077410),(49,60978200,1228840,801260),(50,3221820,639003,1851710),(51,268118000,3610800,1718390),(52,10405000,2573460,934037),(53,768306,817838,483888),(54,2982040,2722010,692566),(55,2747030,2317210,32906400),(56,340232,86245500,1079930),(57,1240580,64705500,3352770),(58,2927940,149823000,104331000),(59,2404670,76246100,274291),(60,4750390,1603500,2311430),(61,1217410,1383030,6270770),(62,974658,8162970,121733),(63,1666180,665257,278944),(64,150670,2224840,2205200),(65,1268340,1620570,3608280),(66,609159000,2553220,271650),(67,2674770,3035560,59981300),(68,86726,70513500,335072),(69,1870950,191747,3182620),(70,1147110,2238200,1361760),(71,1849670,25212200,175528000),(72,1678250,278728,2108390),(73,1724310,9531820,560677000),(74,5314440,2531580,4263830),(75,1507300,206986000,5427520),(76,1083750,1545980,50925),(77,771914,1144120,3398770),(78,30415200,1810740,199988),(79,3797590,602262,1266880),(80,373272,2518820,2025050),(81,2060710,1607590,2966940),(82,558051,2653130,494524),(83,25996300,1341460,3837690),(84,2677430,2811350,1490300),(85,260734000,1113930,2073410),(86,65490500,20894700,942767),(87,2539460,2682970,2969520),(88,3357470,1261620,396770000),(89,3320740,50794.2,1930050),(90,1143540,49058300,2986380),(91,2682620,1788790,37721300),(92,2457530,2092540,108384),(93,2523280,1515360,10596100),(94,2072550,550698,945044),(95,1929370,5021790,3436280),(96,493533,40845600,1264880),(97,37162700,2855070,422110),(98,2594110,710588,943927),(99,431036,1019210,2412260),(100,7189660,32102000,2143910),(101,565456,2459720,186849),(102,5265780,1062690,1995660),(103,5128080,247215,30524500),(104,1197000,325957000,1955560),(105,432024,60232600,1862500),(106,724210,655795,1394040),(107,1342220,27579900,1427520),(108,2420500,617466,2974380),(109,63984100,291414,14116800),(110,745710,712117,818369),(111,33587500,2850100,110235000),(112,1934510,49993900,2381820),(113,420352000,194165,2965690),(114,957761,130649,2839530),(115,2431670,652980,772655),(116,1684780,12301800,445186),(117,1392250,51385700,142217000),(118,43830700,25070800,1161050),(119,321224,1147980,2907250),(120,756318,1202640,2173000),(121,74306900,3112420,864184),(122,258229,336314,1138880),(123,4234730,1061650,45102.3),(124,376364,2851130,274467000),(125,543028,7531750,56132700),(126,5278100,2471970,1280350),(127,2233710,2141370,1872560),(128,1187340,1270680,43277600),(129,51063300,1858360,2321430),(130,789369,2756110,1330090),(131,1399330,2898470,1133290),(132,42987900,1008780,1539420),(133,1167830,365864000,1303070),(134,2092060,363107,17696700),(135,2063890,2059690,2754220),(136,536600000,1853720,1978490),(137,37044200,790451,2535950),(138,2067950,87684300,2006560),(139,687134,64933400,901553),(140,2709090,2445550,712150),(141,1966870,67075.7,2805130),(142,3668650,361071000,4119900),(143,10814600,1519810,3221220),(144,821821,2033450,140861),(145,388808000,1263810,2482400),(146,5091660,5292800,2040000),(147,1229800,1605570,835584),(148,2243540,2033710,4104940),(149,882169,2479430,604905),(150,203000000,2008130,3089500),(151,2879180,571533000,1008250),(152,2147450,4395220,125025000),(153,1397250,2908230,1552270),(154,761314,1477850,390351000),(155,707674,1670390,1300910),(156,563737,932805,713033),(157,2450260,1447730,2205400),(158,443404,1855600,2360300),(159,2312250,2139190,2261850),(160,451350,2962270,63436000),(161,175122000,2866030,1132550),(162,82346600,630120,1864120),(163,754750,212171000,772168),(164,2813300,595185,2605290),(165,394249,1882630,2030500),(166,1731810,5296270,992872),(167,2184340,2908500,642262000),(168,1468270,1960400,435252),(169,316538,1934990,57018700),(170,1184860,1291320,1988010),(171,2702290,164036,2496750),(172,736236,331590,1021460),(173,1466120,1198550,42578.4),(174,2887560,1092950,1969930),(175,7610350,735021,24793600),(176,2216560,1851860,2487920),(177,364286,1481010,45958400),(178,1113840,1978100,454201),(179,1548600,145469,694118),(180,2490080,2579150,577366),(181,479559,1510270,26948100),(182,2068390,703728,1708800),(183,569124,166423,27524100),(184,38693200,235778,152529),(185,2606240,20692500,43952200),(186,412171,27598900,378047),(187,1036140,2509170,1546850),(188,25838400,780934,1976970),(189,2240880,2531160,3477290),(190,27084.7,42572400,239316),(191,29918500,2781610,808111),(192,18404000,2221020,1581300),(193,2788990,2683240,2209470),(194,2666690,1112510,17651600),(195,1378250,684681,249630000),(196,1201620,4580030,1422020),(197,21021300,2787770,2337270),(198,2746200,2929980,126086000),(199,763168,6209630,2619510),(200,34502100,699288,2250540),(201,73189100,2728500,15191000),(202,825373,367943000,2439960),(203,1301320,18290400,1174810),(204,1986750,2118750,958912),(205,2004950,1947550,1917350),(206,44867000,1551850,250234000),(207,386576,1299550,3447550),(208,23267000,1142940,5684780),(209,243470,15369900,1964560),(210,521193,2344020,2064250),(211,1384200,2145480,703492),(212,1311630,2160960,1759640),(213,974414,2599070,838404),(214,3824130,2305940,741540),(215,94101800,4329540,155413000),(216,37033700,2211120,2908010),(217,531046,4752200,539473),(218,8277790,150860,54929.4),(219,2035160,1644960,2607930),(220,18847700,2709890,130421000),(221,2175090,659070,4628050),(222,2704150,1907590,70255200),(223,515330000,1989510,2676010),(224,35333300,5310940,1886290),(225,2379180,1188300,817612),(226,2383290,1596160,75865.3),(227,1618360,71945900,1745390),(228,21298900,819222,1539310),(229,3432300,196542,2756450),(230,2923370,4364490,1341110),(231,56214300,1466450,943306),(232,2117290,1741630,1610950),(233,2526010,2630080,2658610),(234,2920070,387581,1724210),(235,315663000,2949280,64262300),(236,2347800,4107460,5249140),(237,648139,2370420,1882200),(238,2030200,2010470,2242570),(239,2900370,66965800,2538930),(240,32830400,1316540,6208.82),(241,598362,4974680,5207980),(242,572416,2530790,49682600),(243,2096430,2283770,1065770),(244,2743830,68637500,1294180),(245,779124,2231500,2110580),(246,1410050,46687000,458496),(247,1299000,2568780,2096270),(248,2444410,399762,716546),(249,2035960,947531,5276290),(250,69111.5,2338690,176314),(251,58894.6,2849320,2669170),(252,811734,2565710,1932010),(253,1302670,2063850,3383790),(254,27542400,2625670,2257900),(255,2737370,2305770,22023.5),(256,215078,2159550,4844600),(257,1620210,1806550,2673750),(258,5125980,1342410,645225),(259,2848970,724396,1879070),(260,324411000,2088160,1477970),(261,599771,1324350,1981580),(262,1376990,2610250,1678270),(263,1118100,2967020,2991160),(264,699219000,3011470,2501010),(265,36304100,2400010,242030),(266,225133,2745560,1919590),(267,2483500,2328040,431667),(268,1104660,2287010,2125040),(269,1321170,1413940,949071),(270,6006520,2548280,1984800),(271,1409390,209115,20544600),(272,2341790,630137,1883230),(273,104576000,1728540,45804.8),(274,1287000,1899740,1381260),(275,2947670,4673380,1094730),(276,281582,1388170,29546100),(277,17704300,2665230,1174310),(278,305139000,925914,92046),(279,2391560,2854500,14443500),(280,33108300,582786,3523140),(281,294639000,1253130,105348),(282,2909480,1465820,2381370),(283,161060,1509230,1239350),(284,2911290,43618500,464506),(285,2742140,1279250,1135590),(286,1019930,3303310,1339870),(287,2689630,1876990,1503910),(288,1265110,2785780,23725700),(289,1905720,589542,601490),(290,326557,1016710,2696550),(291,3346340,1578180,159250000),(292,2334960,3969360,1691460),(293,1827240,223588000,1010150),(294,2733880,2232350,765284),(295,865871,1587280,25541400),(296,1978860,527862,462807),(297,2704850,1358830,3001080),(298,255403,1393950,322976000),(299,2270500,3949520,2304090),(300,1965600,1762620,2982150),(301,6366050,2177510,1227840),(302,1124130,1385950,1141790),(303,3080300,43073700,33236600),(304,1199960,2639240,3256350),(305,2325440,2946050,57263700),(306,2562420,1368160,408556),(307,623684000,1010420,2704690),(308,1186730,1607860,221902000),(309,2255660,2148250,750781),(310,2205430,11021300,2736120),(311,1505120,2712780,1537690),(312,4418.11,234769,1862040),(313,3012060,1774700,1690260),(314,12166700,4781880,496119),(315,2434430,4749600,567197000),(316,1766370,499409,1911260),(317,1141990,589124,51626.6),(318,36281800,1855290,2707040),(319,23950.7,2482430,1590460),(320,1869940,55110900,2998770),(321,2297430,628526,650884),(322,2092870,2381890,2143660),(323,865858,1583050,2143010),(324,259530000,2378460,585137),(325,298440,3907410,2601660),(326,1415120,698951000,1415610),(327,2907380,3095140,53086900),(328,1806210,926298,817881),(329,352820000,1895800,1994920),(330,2947770,105708,274446),(331,196364,32115200,1400500),(332,480042,9713560,3606090),(333,59536.7,3405710,24243600),(334,1562130,1821810,1229250),(335,3670520,90646.4,4285760),(336,183330000,1475260,2517160),(337,1551300,2485360,1065540),(338,717739,2850800,2854790),(339,1833050,379949,984764),(340,791176,1832650,2836390),(341,2408550,1116370,754867),(342,5480820,2100980,2727500),(343,7082000,2450720,578607),(344,430476,392404,2615540),(345,2235390,39415100,3887840),(346,2970350,1405210,64738.1),(347,1513680,1777080,113422),(348,2134280,1917590,1687990),(349,1504250,1209970,2988750),(350,1894730,5784160,1046930),(351,1681000,673562,2988060),(352,2781220,1483820,1574630),(353,2110760,1484790,647014),(354,2770670,2473140,2995130),(355,2535520,2893500,13179200),(356,2491100,659842,1720500),(357,524051,401342,31952.5),(358,2246900,2545730,50192500),(359,1502730,1810590,2128720),(360,1295080,1574890,321838),(361,1303170,395067,1518320),(362,5481190,702923,287754000),(363,1087670,254929000,1769190),(364,15144200,1787400,1234520),(365,504918000,2963060,2333620),(366,2094550,2855510,120856000),(367,808659,384471,107494),(368,215445000,1284920,1858430),(369,2704170,541934,558821),(370,1072060,1651370,761480),(371,9437370,3121610,582015000),(372,8001940,287148,2707700),(373,1136840,1648830,691559),(374,2824000,2271730,1999370),(375,212973000,1726140,371516),(376,2434720,695146,1579310),(377,2130370,1239140,5653410),(378,1466780,168452000,1708290),(379,434850,2706610,2208790),(380,102947,1878640,1810220),(381,953430,1659950,6371490),(382,2135170,1397510,939629),(383,23074900,6933280,1958330),(384,1979080,1945430,350813000),(385,702651,20364600,1738060),(386,2248540,1220830,4601130),(387,1699930,47209600,21729300),(388,420486,2640960,2995080),(389,1738270,247558000,1956620),(390,1659000,2778220,2318730),(391,11330100,23981600,4379110),(392,33829.1,2283770,2454550),(393,469265,414892000,40435400),(394,2335860,3879580,2095590),(395,5926080,2563300,272769000),(396,592897000,2025690,1239870),(397,26915000,869211,519701),(398,8469940,221576,1128680),(399,1968200,2312620,123831),(400,2059180,2877450,964900),(401,2261230,1064600,2095630),(402,1510960,223628000,740449000),(403,1374910,2412930,2823990),(404,978352,574611,1172120),(405,2968450,27823100,1385540),(406,2113230,2231500,879312),(407,1023300,1370790,1623590),(408,1930800,2794700,2293970),(409,46558200,1696680,228311000),(410,4292380,1517360,382373),(411,1574820,42455400,710581),(412,1496910,2780800,5726490),(413,13969900,7606560,184790),(414,2102890,2099570,2547200),(415,1914790,745363000,1872140),(416,1460520,2327740,478586),(417,2535800,1067750,1675410),(418,334569,2904750,738940),(419,608169,2554180,527073),(420,19792600,2474400,2663670),(421,1107570,41566500,138081),(422,28968000,2987320,2430560),(423,2549010,2088160,1987390),(424,2422390,2495970,2074920),(425,2255040,2034330,27613.4),(426,1867850,2805750,1145100),(427,1131760,2455870,3115650),(428,1483970,2967820,69565.8),(429,21316600,2294750,1138400),(430,272989,1656280,1411890),(431,1762460,945578,5515630),(432,2548610,1152660,357898),(433,2400560,66624300,2563130),(434,2662930,1859150,2360560),(435,7849320,893791,102722000),(436,293548,2933530,2790310),(437,2982260,2612230,938503),(438,700118,1053850,2281710),(439,131522,2831450,2942920),(440,776763,2267430,17709800),(441,1833150,2515500,2580230),(442,2857460,16969800,405498),(443,1852040,1796740,1707960),(444,2534020,2080490,2696090),(445,1818260,962984,1153400),(446,2878790,110842000,1431040),(447,21018.6,2657330,658764),(448,490661000,1417160,1884260),(449,1040500,2181200,1975810),(450,2270290,1795270,2158230),(451,165747000,2746730,2758150),(452,127271000,39966200,637648),(453,1909320,1979860,16025900),(454,179660000,2658350,308919000),(455,2752700,2780720,2555530),(456,405606,299295000,3069150),(457,2585530,803869,1631570),(458,1782180,1263670,2593830),(459,5839180,1928280,1360540),(460,2944630,5779680,3183140),(461,1240650,717839,490382),(462,1278880,1119880,2670100),(463,3836050,2439420,655297),(464,53806600,470065,1760110),(465,2211630,2482100,455034000),(466,1767800,2182210,2878780),(467,2453030,1825350,3995210),(468,611589,2533010,2979240),(469,596351,2839560,1782060),(470,7497700,1385940,26997000),(471,434174,1593490,271418000),(472,580445,492264,931464),(473,2719350,2309150,468727),(474,2167680,2975210,43938000),(475,2616470,239792,37514400),(476,662254,949110,2967660),(477,3002910,220125000,1459660),(478,418752,2681620,863068),(479,1577780,1046230,2480590),(480,98658.2,942324,210462),(481,2193160,439751000,1209740),(482,2978890,1533320,1945920),(483,2391030,6557820,5021740),(484,109227,5377690,91113.3),(485,2119150,71723200,4312140),(486,2446440,123585000,265320),(487,198606000,17219200,744872),(488,542363,1536160,3203260),(489,1878090,2730990,537351000),(490,450001000,2255960,2665010),(491,61851.5,32260800,1233100),(492,450522000,715943,1650480),(493,1878370,448592,1900230),(494,1723270,370111000,15558100),(495,314609,84425000,817896),(496,799376,646179,3061390),(497,5464130,190995,77453100),(498,38536200,1737910,2442400),(499,3195630,333432,2577620),(500,332624,1582020,683485);
/*!40000 ALTER TABLE `budgets_actual_costs` ENABLE KEYS */;
UNLOCK TABLES;

--
-- Table structure for table `budgets_plan`
--

DROP TABLE IF EXISTS `budgets_plan`;
/*!40101 SET @saved_cs_client     = @@character_set_client */;
/*!50503 SET character_set_client = utf8mb4 */;
CREATE TABLE `budgets_plan` (
  `stages_id` int(10) unsigned NOT NULL,
  `material_sum` float DEFAULT NULL,
  `semimanufactures_sum` float DEFAULT NULL,
  `salary_sum` float DEFAULT NULL,
  `total` float GENERATED ALWAYS AS (((`material_sum` + `semimanufactures_sum`) + `salary_sum`)) STORED COMMENT 'Себестоимость',
  PRIMARY KEY (`stages_id`),
  CONSTRAINT `budgets_plan_stages_id_fk` FOREIGN KEY (`stages_id`) REFERENCES `stages` (`id`) ON DELETE CASCADE
) ENGINE=InnoDB DEFAULT CHARSET=utf8mb4 COLLATE=utf8mb4_general_ci;
/*!40101 SET character_set_client = @saved_cs_client */;

--
-- Dumping data for table `budgets_plan`
--

LOCK TABLES `budgets_plan` WRITE;
/*!40000 ALTER TABLE `budgets_plan` DISABLE KEYS */;
INSERT INTO `budgets_plan` (`stages_id`, `material_sum`, `semimanufactures_sum`, `salary_sum`) VALUES (1,625624,694403,27600600),(2,456647,634142,53823600),(3,2775260,6222180,4105770),(4,180493,955968,352006000),(5,231678000,721269,442331),(6,389198,1570930,2039850),(7,2874330,1847270,3482860),(8,699145,757551000,1448620),(9,148001,2839670,2469770),(10,2029370,1078670,1465780),(11,547545000,34902200,1337210),(12,2511870,177138,2706280),(13,1364510,2346900,2709150),(14,197012,491169,1365830),(15,1905340,2562100,910951),(16,1240870,58669400,142712000),(17,723984,1435690,1826580),(18,2051320,606804,1462040),(19,1846080,42485600,2212230),(20,2395060,2550850,2809730),(21,4210890,5584160,6283490),(22,19540600,1589630,161563),(23,2293280,232133,14824400),(24,907800,17982.3,2781740),(25,2035800,2470310,2869580),(26,2542410,2223340,2650990),(27,2539610,820464,647452),(28,2388390,2168790,2556920),(29,1693440,6015080,54042800),(30,651676,2920530,31272600),(31,1948100,416914,2463980),(32,865144,53053,2145590),(33,2004570,2547150,1941590),(34,2607160,42330.9,28312.2),(35,2462020,1790690,12345600),(36,28421600,2651040,2740300),(37,916455,1911960,792888),(38,413872,100399,2521680),(39,1544790,1787260,2466960),(40,1005340,1136240,1455780),(41,1250860,1029810,1834670),(42,33107100,8688810,2204760),(43,4532580,2728560,2259370),(44,1484820,2364000,2757380),(45,1636080,3198100,369061),(46,5097680,94691400,2699280),(47,2022800,17602500,1238160),(48,2869000,2536410,1999580),(49,106136,36464800,814066),(50,2916420,2767350,797321000),(51,1878850,2895060,4818450),(52,2217690,384722,2535780),(53,2760800,2575310,33829800),(54,219201000,447498,2967360),(55,385644,2728290,5091690),(56,4695870,82495.4,981407),(57,536650000,3352310,2475600),(58,2784120,2974960,3669010),(59,490352,2838690,2141580),(60,1614520,2113970,1519180),(61,689494,999388,2673830),(62,608983,17597300,670394),(63,2053990,11373400,1931800),(64,912024,484195,2370550),(65,643940000,922328000,2454720),(66,893952,1505790,1658690),(67,2443190,2742620,367027),(68,1974040,2219060,2976560),(69,845126,2212350,4180910),(70,2731520,22929200,2515630),(71,1291090,2630220,1673740),(72,2821790,482349,2745060),(73,1627830,2182130,9386.61),(74,2472470,2490550,2803260),(75,14137300,1808170,1116220),(76,1132130,3856170,260802),(77,2026850,118782,446475),(78,747449,1726860,2154770),(79,285802,3318500,8902700),(80,1341920,39556500,14054600),(81,1455490,191078000,1698330),(82,1681950,648457000,125855000),(83,4554360,15929900,2499420),(84,1116190,2717740,1542020),(85,2017020,335674,487224),(86,873830,2582040,848998),(87,581770,674136,494605),(88,1881160,840895,870696),(89,526761,1931970,1546480),(90,712263,1284360,1657990),(91,928211,50962400,1469730),(92,907075,362169,62578100),(93,4178610,3479900,2798960),(94,16498200,1137960,22686400),(95,3007640,2831270,2214770),(96,395535,2921400,213323),(97,1026430,2151510,494620000),(98,1013630,2527460,2614280),(99,1726920,1635130,2206990),(100,2523560,1983300,2288940),(101,2538450,1032940,125456000),(102,2408700,2149070,1966490),(103,1963390,2645610,2756200),(104,2377470,831392,20662100),(105,2195800,840376,966469),(106,24952400,3224050,1564520),(107,1025860,2041500,2630430),(108,1082260,2956820,348797),(109,2590270,1328170,339228),(110,641635,293057,253582),(111,870024,694940,11395.1),(112,2977790,4461640,1855570),(113,59346400,2788310,1427310),(114,1022040,2820350,595804),(115,729258,8105780,2991470),(116,1531380,38255600,170335),(117,1938400,99792900,1698010),(118,1748130,677130,2959660),(119,2273390,2793080,2292240),(120,2943430,20171600,2791080),(121,57331700,734828000,339444000),(122,364023,57706300,2216120),(123,851006,624229,1247380),(124,1653580,2400290,439490),(125,344688,10862400,811075),(126,2363990,89010.7,31693500),(127,3117230,2784350,96328.4),(128,208428000,1894730,2254170),(129,1435440,1969650,1590930),(130,1454550,20323600,5895810),(131,2215060,974784,2297490),(132,2518980,203768000,1582750),(133,55028,204151,1070490),(134,3507090,566506,263421),(135,440994,3788630,778167),(136,788192000,1914470,742841),(137,2989000,2909380,795931),(138,2506290,631780,13141400),(139,657867,3285830,168434000),(140,5829110,181713,4946310),(141,827968,156933000,319466000),(142,655210,1411460,734688),(143,2828550,1370470,1835070),(144,81626600,1780040,4923880),(145,1420610,69367300,54405300),(146,2631250,384931,2135380),(147,2573460,4812130,1328470),(148,2129770,263819,506153000),(149,46199000,71466100,453603),(150,1260280,1065160,380547000),(151,597768,2800170,13285500),(152,274963000,271748,27594200),(153,1285620,917626,241539000),(154,1400510,2579570,219880),(155,1505280,1338760,695138),(156,65550.2,2571910,1509290),(157,2286700,1132900,30657700),(158,2369710,2650110,2001630),(159,415148000,557665000,555424),(160,713641,36712200,471427),(161,2527190,241037,41036000),(162,940012,6307400,2137790),(163,2187540,2540510,348729000),(164,2125120,2270540,2626860),(165,156686000,15045400,1075620),(166,809244000,141165,2956600),(167,2031230,2577650,830996),(168,889771,1889420,2896190),(169,41133200,220312,2832280),(170,828735,5243360,2496360),(171,1200930,2201540,976596),(172,499931,775989,2642200),(173,5099600,2913290,36832600),(174,3714810,3048310,1602530),(175,489197,46131800,2271520),(176,2921560,14175800,27612500),(177,1649570,332287,4352610),(178,705650,1371830,2605030),(179,164567,899453,27979300),(180,2682600,46967600,1113490),(181,167755,1715290,36654800),(182,2806650,1448230,2941810),(183,255379,550735,2450180),(184,3021920,8902720,2280630),(185,1968290,1142940,112717000),(186,630755,650862,84206.6),(187,8089490,606413,1675170),(188,2570160,3816220,3300010),(189,16213100,2319120,1508520),(190,12530500,1540380,2372040),(191,1900920,268271000,2896280),(192,290340000,1963140,2135500),(193,2417920,7612480,2410170),(194,793638,510469,786743),(195,490646,1109280,400023),(196,5848250,1269690,794545),(197,2282780,11452000,2974180),(198,4983100,2380230,4327790),(199,1915380,1238450,14927200),(200,1396440,4555570,2793240),(201,1340220,324346,1136910),(202,686095,2473270,38078400),(203,597820,1615180,1065470),(204,1578710,2055950,2209850),(205,2438970,687922,3086050),(206,2480890,170613000,2535280),(207,1452910,1164110,4532220),(208,1816260,1456570,1179640),(209,1648640,14408300,3998530),(210,432206,2822300,3124330),(211,16140200,682965,1812270),(212,2619720,2410710,1487420),(213,35961900,446687,1797430),(214,2077290,2179530,2856320),(215,2255040,1035380,1633120),(216,2452560,66988800,5562620),(217,839087,62099500,3961550),(218,3532530,846347,1094590),(219,609769,2491040,1104830),(220,10964500,4011750,1147050),(221,913868,42396000,6242090),(222,4568470,3213060,977008),(223,3023790,2816270,369656),(224,1082160,776636,21283100),(225,780886,3758920,1663490),(226,1714530,2073990,1290520),(227,2307130,1438750,3175960),(228,527405000,1221750,2807820),(229,445764,4522540,2610660),(230,577182,2744850,1469330),(231,2553260,1034480,388908000),(232,313014,1622540,2855290),(233,515595,1622460,1070860),(234,1084040,2497420,9058470),(235,296667,2868910,2441080),(236,1576850,2125050,281179),(237,2187990,2257700,1357000),(238,1746960,2157510,3068260),(239,72932300,186905,890032),(240,567904,1433870,2049350),(241,2591140,2140110,1576760),(242,1231810,380162000,2656230),(243,1828510,2499420,673107000),(244,2305020,1022980,1304940),(245,395139000,526530,1310200),(246,1758440,891201,354769),(247,3054160,1054010,979430),(248,13984600,552787,1402450),(249,2940780,5203480,12376500),(250,847145,1496550,1423920),(251,680709,2788700,2789910),(252,774659,2952490,465245),(253,238570000,784756,1485860),(254,1671530,19817300,3857630),(255,895015,75435500,3038710),(256,2066350,2626300,2187020),(257,2882280,2313820,2639830),(258,2862020,1657850,1243710),(259,1220520,2143370,219295),(260,2138630,286728000,17574700),(261,4363450,608192,477038000),(262,4621570,369633000,824306),(263,612777,139658000,17177300),(264,1799140,500494,930189),(265,243429000,1514760,179872),(266,2691650,389289,1078400),(267,296308,17498300,1684730),(268,2564190,929992,1855540),(269,432908,1297240,2952950),(270,299279,25835100,1567230),(271,1636250,2468920,2481350),(272,2984740,562117,1380370),(273,94537200,425970000,18482700),(274,566619,530825,665200),(275,7263660,228272,1179480),(276,1923510,1602160,1588690),(277,2381910,2013340,1907090),(278,1519230,28671300,468423000),(279,1410710,329266,307604),(280,2511120,2811460,1126220),(281,2817500,3061790,2280940),(282,417746000,1728010,2275860),(283,533332,1983900,3216400),(284,144851,11876600,670262),(285,2172370,106167000,1778040),(286,1419990,1974350,1580480),(287,815825,9430830,1878980),(288,2847630,1999470,2542940),(289,1053960,35407100,2488080),(290,3018640,2777450,353033),(291,2016250,673871,205294000),(292,3679140,565126,932486),(293,44851.3,2484490,1462840),(294,53900900,651462000,2630950),(295,373368,10830400,29858.9),(296,1444280,1598090,2254840),(297,5386140,2680280,1648890),(298,11862300,1132100,54887500),(299,432839,448022000,1210600),(300,2581680,326378,1271280),(301,1311760,4523180,302618000),(302,260398000,753910,10989700),(303,2231500,3948180,1223360),(304,2001980,423742,6041060),(305,3873350,2203230,50525900),(306,1973490,419496,1171300),(307,2234700,1227160,32959900),(308,2580170,3737580,928631),(309,351702,4225300,2637990),(310,1896220,16426100,264036000),(311,47091400,2283120,1241330),(312,4661070,2513820,2157170),(313,7903180,919025,21657200),(314,33964500,2981440,766209),(315,29774300,31407700,175888),(316,836030,546512,1257870),(317,4032000,2739000,2817850),(318,2648220,1695500,1950730),(319,132169000,1911150,2049670),(320,9324490,56988300,2109840),(321,1987910,2941950,2016550),(322,67394700,611748,650831),(323,2643140,1992450,2495250),(324,1614490,166653000,2128500),(325,1307720,542668,3114480),(326,1010810,67907700,1306310),(327,2892910,1335590,24495600),(328,2550420,2499650,1569460),(329,1642840,783186,149785),(330,3016630,1909310,196571000),(331,1353240,2642970,1581810),(332,836132,502932,1168340),(333,1187510,636241,3884440),(334,1139390,2824590,1065410),(335,81612800,1855350,80820400),(336,21926600,2681270,490099),(337,1052290,4890300,574971),(338,1377030,874130,88637100),(339,800730,2714330,42877600),(340,10216100,634869,2779430),(341,2637880,459235,1614940),(342,1069080,864423,5911650),(343,2696520,2974870,1515950),(344,1953660,2210310,848131),(345,1438920,532266000,1266580),(346,7435380,67315400,2381540),(347,1057570,2379830,3759180),(348,3090230,5326470,188801),(349,1784910,2270960,2082040),(350,1963640,1011400,688917),(351,5813700,1172500,83503500),(352,2607330,303092,30339.5),(353,2789870,988133,2401630),(354,3000410,2830460,1077530),(355,19532400,1955690,24225800),(356,1269320,2115360,4214780),(357,155705,1814300,2110830),(358,4213010,1297460,6278920),(359,489229,1583340,96142.3),(360,626801,2191180,543960),(361,2928310,598057,2705400),(362,2003780,2123410,1304020),(363,18020700,45542300,2666500),(364,2751520,1454520,2216990),(365,133499,337295,80179600),(366,1898710,2339710,306769),(367,1043500,1175060,2306940),(368,1178700,432430,5179670),(369,2933670,253897,5227270),(370,161463000,2665350,304264),(371,73641000,147888000,1179390),(372,2156880,174245,648488),(373,1219000,2647930,1922200),(374,762358,2072580,2757690),(375,2139490,1257110,2837260),(376,705211,712178,2366930),(377,114288000,1603420,292294000),(378,2470670,463529000,2150560),(379,1732940,1644080,2183720),(380,2049860,1214210,2907940),(381,2678170,2045910,578971),(382,1407050,1214900,804466),(383,5055520,288401,689923),(384,5269070,2438630,2483420),(385,2051880,2973960,859571),(386,1514010,812439,2640770),(387,2216170,1977440,1794410),(388,5323700,27799000,1431190),(389,1815470,2576550,2571690),(390,960122,875439,87751.5),(391,218460,2651620,387739000),(392,3396610,292350,1425970),(393,986390,440448,422736),(394,2292750,2039420,72536600),(395,2328220,1562880,2406610),(396,1481840,288628,54813.9),(397,1885790,2817670,316534),(398,620869,3056050,380112),(399,1434220,1147790,2580890),(400,1529630,4901300,452581000),(401,2748860,580287,2800400),(402,77819100,1773970,1997750),(403,915349,3103000,56078000),(404,48287900,138249000,2965720),(405,2990160,3737610,497159000),(406,1065930,1400480,793960),(407,1941900,2286870,149065),(408,2970860,701318,63095.6),(409,88498000,2442710,2663920),(410,240780,24680900,1625290),(411,1635880,2371310,2363790),(412,278094000,2186060,1025760),(413,959229,1446970,280516),(414,541486,3505580,676123),(415,1264100,4011270,2532070),(416,1670750,2118260,2794980),(417,18387300,1633130,1288490),(418,1892400,187193000,1218380),(419,25225400,1874850,4143950),(420,917072,2957750,16361000),(421,2713410,2019200,1841020),(422,602488,2327660,3225070),(423,126850,1180170,1249350),(424,264017,2347750,31858700),(425,1707760,308776,792028),(426,15084900,21056400,111243000),(427,389815,342885000,3653500),(428,1407620,1050050,2024810),(429,617436,1824560,1459590),(430,1246820,35945400,1207860),(431,223994,254970,788954),(432,1587140,1658110,2118780),(433,1535970,2260120,701433),(434,3085340,13003400,2329700),(435,2761810,2228860,937559),(436,3713170,1531400,147604),(437,1705200,1747700,901856),(438,4210510,3174550,2035560),(439,2625240,1819690,2269500),(440,1227390,908479,514033000),(441,2462960,4756160,286417000),(442,6819390,718169,405283),(443,714461,207259,56256100),(444,3095480,1998790,2016000),(445,128711,2160450,9907170),(446,1609410,1040450,944408),(447,1178760,2719350,1721330),(448,1559150,2218750,28405700),(449,258164,34347.7,2379110),(450,630728,2740320,2632860),(451,1306110,10266800,127866000),(452,672266,496896000,2492390),(453,1036380,2836160,1110420),(454,3807770,1149560,2315010),(455,211858,1318180,2335660),(456,2109280,2055500,2759570),(457,483918,1349430,3906850),(458,101936000,440680000,1134510),(459,968671,285924,1872060),(460,1350600,564879,2948470),(461,38709700,1751920,2442720),(462,528369000,1200970,2519740),(463,2258470,335859,376522000),(464,2304810,2337450,2783770),(465,35481.9,2188700,2123710),(466,246496,6761640,1716560),(467,339807,29188200,26377800),(468,5627970,2608980,384218),(469,1978190,1510260,4223360),(470,2674990,83153.1,1597610),(471,1299480,238468,5596510),(472,326549,5823280,1263510),(473,912816,756018,1751360),(474,3324440,4440260,871955),(475,2704730,309230,1124390),(476,441416,1064700,2037800),(477,620130,414594,3051440),(478,224046,2661550,2785050),(479,392460,3922430,491444),(480,164958,202779000,877780),(481,939147,2492190,1133700),(482,1790100,1783620,2018520),(483,1608370,1312820,557155000),(484,1207850,1723420,2143870),(485,2402200,449703,359892000),(486,555033000,568221,5192200),(487,2145550,1844590,1447380),(488,842384,14171000,123048),(489,2953580,55264400,962921),(490,2316400,391117,10861600),(491,1341700,1513470,60854300),(492,2228820,306711000,1266610),(493,54347300,7649.22,475035000),(494,3661930,313333,1767940),(495,1065090,2922010,5012240),(496,2271530,231133,170424),(497,180436,963907,511054000),(498,433870,1344960,945061),(499,129071000,2048650,579314),(500,116663,1432880,2889490);
/*!40000 ALTER TABLE `budgets_plan` ENABLE KEYS */;
UNLOCK TABLES;

--
-- Table structure for table `directions`
--

DROP TABLE IF EXISTS `directions`;
/*!40101 SET @saved_cs_client     = @@character_set_client */;
/*!50503 SET character_set_client = utf8mb4 */;
CREATE TABLE `directions` (
  `id` int(10) unsigned NOT NULL AUTO_INCREMENT,
  `name` varchar(150) COLLATE utf8mb4_general_ci NOT NULL,
  PRIMARY KEY (`id`),
  UNIQUE KEY `name` (`name`),
  KEY `directions_name_idx` (`name`)
) ENGINE=InnoDB AUTO_INCREMENT=6 DEFAULT CHARSET=utf8mb4 COLLATE=utf8mb4_general_ci;
/*!40101 SET character_set_client = @saved_cs_client */;

--
-- Dumping data for table `directions`
--

LOCK TABLES `directions` WRITE;
/*!40000 ALTER TABLE `directions` DISABLE KEYS */;
INSERT INTO `directions` VALUES (2,' БО'),(4,' ГО'),(3,' Другое'),(1,' НТС'),(5,'ВТН');
/*!40000 ALTER TABLE `directions` ENABLE KEYS */;
UNLOCK TABLES;

--
-- Temporary view structure for view `directions_types_view`
--

DROP TABLE IF EXISTS `directions_types_view`;
/*!50001 DROP VIEW IF EXISTS `directions_types_view`*/;
SET @saved_cs_client     = @@character_set_client;
/*!50503 SET character_set_client = utf8mb4 */;
/*!50001 CREATE VIEW `directions_types_view` AS SELECT 
 1 AS `direction`,
 1 AS `type`,
 1 AS `name`*/;
SET character_set_client = @saved_cs_client;

--
-- Table structure for table `documents`
--

DROP TABLE IF EXISTS `documents`;
/*!40101 SET @saved_cs_client     = @@character_set_client */;
/*!50503 SET character_set_client = utf8mb4 */;
CREATE TABLE `documents` (
  `id` int(10) unsigned NOT NULL AUTO_INCREMENT,
  `name` varchar(150) COLLATE utf8mb4_general_ci NOT NULL,
  `documents_type_id` int(10) unsigned NOT NULL,
  `metadata` longtext COLLATE utf8mb4_general_ci NOT NULL,
  `projects_id` int(10) unsigned NOT NULL,
  `created_at` datetime DEFAULT CURRENT_TIMESTAMP,
  `updated_at` datetime DEFAULT CURRENT_TIMESTAMP ON UPDATE CURRENT_TIMESTAMP,
  PRIMARY KEY (`id`),
  UNIQUE KEY `name` (`name`),
  KEY `documents_documents_type_id_fk` (`documents_type_id`),
  KEY `documents_projects_id_fk` (`projects_id`),
  KEY `documents_name_idx` (`name`),
  CONSTRAINT `documents_documents_type_id_fk` FOREIGN KEY (`documents_type_id`) REFERENCES `documents_types` (`id`),
  CONSTRAINT `documents_projects_id_fk` FOREIGN KEY (`projects_id`) REFERENCES `projects` (`id`) ON DELETE CASCADE
) ENGINE=InnoDB AUTO_INCREMENT=501 DEFAULT CHARSET=utf8mb4 COLLATE=utf8mb4_general_ci;
/*!40101 SET character_set_client = @saved_cs_client */;

--
-- Dumping data for table `documents`
--

LOCK TABLES `documents` WRITE;
/*!40000 ALTER TABLE `documents` DISABLE KEYS */;
INSERT INTO `documents` VALUES (1,'878',1,'68ce:9f99:5ae0:bbb0:4d58:cd8e:478b:a280',1,'2002-09-03 04:49:09','1996-07-23 12:30:39'),(2,'852',2,'7743:e6c9:5313:4813:785c:cfcf:4f6c:74f5',2,'2000-01-16 23:42:38','1996-09-19 23:12:32'),(3,'839',3,'d26e:975a:c6a:fe88:3c89:930e:d79d:d804',3,'1989-07-19 17:08:41','1994-01-02 23:12:23'),(4,'501',4,'6c9c:a156:66c0:e679:2d36:ecd4:4eb9:593d',4,'1995-03-26 12:40:25','2001-06-11 11:08:28'),(5,'352',5,'a912:6512:d2f0:4025:25c3:2ba4:b279:cd81',5,'1986-12-28 06:30:24','1987-11-22 12:53:25'),(6,'280',1,'bec6:f514:204b:28b8:5c78:8958:41c:8833',6,'1995-02-28 13:14:54','2004-04-22 23:20:03'),(7,'026',2,'d55d:56c7:4c22:8493:7e18:6144:8826:842a',7,'2001-10-01 12:56:50','1977-02-05 00:38:49'),(8,'235',3,'b56:67b1:fdc1:409d:ff99:5f90:c46f:8f22',8,'2015-02-27 07:37:06','1989-11-09 22:26:22'),(9,'781',4,'1f9f:63ed:e017:e0b2:3acd:95c2:c628:5b33',9,'1990-06-25 15:29:29','1974-07-29 02:31:31'),(10,'226',5,'9df8:8371:de0b:59c8:9242:3942:19c9:d8e0',10,'1980-04-06 08:20:12','2014-08-27 11:38:15'),(11,'368',1,'2cf9:9260:fffc:7f54:c5ab:4c2e:5634:502',11,'1987-06-27 08:23:46','1970-01-27 07:55:05'),(12,'286',2,'3520:49ff:7d9f:aad:5a20:2f58:d19f:b666',12,'1980-07-25 13:26:14','1972-08-30 14:51:03'),(13,'329',3,'59f9:277:965e:522e:a53f:1b71:5a7c:467d',13,'1983-03-17 18:09:00','1973-12-15 19:04:09'),(14,'925',4,'2708:eeaf:c685:4799:f686:a22e:4f0b:ca8b',14,'1971-03-06 05:05:02','1987-06-21 08:50:54'),(15,'081',5,'7003:6185:3193:c1c5:2d67:6559:3b18:9a41',15,'2015-02-02 23:37:42','2012-12-21 09:35:26'),(16,'232',1,'e488:2adc:d876:7791:5bb1:b98b:c3e6:e1f7',16,'1999-12-16 15:51:14','1994-02-08 08:57:40'),(17,'369',2,'f3c9:5007:e95e:1416:bf85:7898:4f12:d206',17,'2009-02-23 23:02:22','2010-11-22 15:45:27'),(18,'009',3,'2e85:d1f4:109f:562e:f7d0:3c2b:288:7db8',18,'2011-03-15 18:21:32','2011-09-10 00:08:23'),(19,'937',4,'41b2:bd13:6ad9:76da:651d:6e59:6d4e:26e3',19,'2016-10-31 11:41:05','2012-01-27 15:42:30'),(20,'453',5,'a07e:9788:caad:bad6:f19e:6c61:2d88:f4e2',20,'2002-03-01 15:44:13','2000-10-29 10:15:14'),(21,'489',1,'bffe:1c4b:7cfd:2a31:8569:8d6:48cf:7eb6',21,'1985-02-17 23:33:02','1989-12-25 00:27:53'),(22,'378',2,'22d4:fa1a:11c7:bacf:b20a:bd9c:1938:483f',22,'1981-05-25 10:02:23','1973-11-26 15:17:43'),(23,'122',3,'8820:5640:a64:cc6e:3e4c:3d52:7b4d:2545',23,'1977-10-07 07:42:53','2011-12-11 08:29:45'),(24,'519',4,'c4ca:8412:a593:9748:8277:db70:1288:5bae',24,'2007-09-10 15:45:07','1972-12-01 22:49:43'),(25,'606',5,'29eb:7f41:2124:edda:7848:73e8:70d3:310',25,'2013-11-29 16:30:52','2012-08-06 00:29:00'),(26,'541',1,'f1a4:d5c0:86cd:c3a7:3004:fba1:a03c:8fa2',26,'1971-07-16 06:18:20','2004-12-08 08:04:02'),(27,'291',2,'2f5e:e863:db03:1c70:fe94:9d15:7b0d:119a',27,'1990-07-24 05:15:22','1983-09-16 01:34:35'),(28,'345',3,'39d0:167d:6a53:4cb:ac16:dc78:cc55:4c02',28,'2016-01-10 16:41:46','1975-04-22 21:46:30'),(29,'886',4,'409c:348d:6d17:3739:4075:5ac0:90a5:2b9c',29,'1973-12-17 01:19:09','1977-11-05 21:16:24'),(30,'332',5,'8b04:dcb0:f8cb:88f2:84d5:1891:6e33:f207',30,'1984-08-07 07:09:45','1989-08-14 09:07:55'),(31,'700',1,'709d:c154:138c:866:b77a:6a:ba4c:dbb',31,'2001-03-28 12:41:18','1991-05-29 14:07:15'),(32,'735',2,'7d21:1559:a2da:1c34:622d:d7ed:a76b:c170',32,'1996-10-27 18:50:08','2004-11-18 13:04:03'),(33,'089',3,'df90:c530:fc0f:1458:4fb6:54a4:8c39:c6cb',33,'1975-12-19 04:46:32','1988-11-06 19:01:15'),(34,'986',4,'492:32a6:f311:cd02:610e:a50b:c3cb:219c',34,'2005-11-24 21:04:27','1985-06-27 11:39:36'),(35,'671',5,'6bd6:6664:28af:c141:b949:40ae:3054:71c4',35,'2007-01-31 03:25:34','2016-11-10 20:31:33'),(36,'229',1,'8a66:f688:79ca:3a5b:e1c0:4df1:e584:dcd7',36,'2002-03-16 07:47:25','2007-07-22 09:35:50'),(37,'396',2,'d76e:eb30:d7c4:2e20:b4e1:ddcb:89c4:e7fe',37,'1978-07-13 18:45:14','2004-08-17 15:22:08'),(38,'479',3,'4b2a:68a7:f81b:e491:96b0:200e:b8f6:fa53',38,'1986-06-17 00:10:31','2011-07-24 07:03:28'),(39,'469',4,'e18d:f6fe:3cbe:2510:2d46:6d9f:1ada:aedf',39,'1979-03-18 22:19:03','1999-11-20 19:27:41'),(40,'486',5,'137b:5a16:e41b:92d0:2bc4:5176:a2d8:c417',40,'1996-08-19 05:59:03','2000-09-28 00:18:48'),(41,'029',1,'5013:d0c7:99ae:8a30:2781:7034:30cf:797f',41,'1974-10-26 11:25:48','1990-12-17 05:24:19'),(42,'721',2,'7a34:2b93:4037:393:af2d:3d09:4802:43e0',42,'1978-02-21 18:48:28','1991-06-20 07:39:06'),(43,'485',3,'82e3:3fe9:ab42:532a:42d2:c7c3:c88d:e907',43,'2004-11-19 08:50:19','1999-03-09 18:14:11'),(44,'767',4,'9695:5f55:b129:493e:d76b:78da:7a36:40dd',44,'2015-02-22 22:18:03','1978-05-13 03:37:16'),(45,'868',5,'3d2:3c50:f76f:c781:ef8e:74d5:4d82:6d21',45,'1998-03-03 15:26:22','2005-03-15 23:51:17'),(46,'299',1,'de76:5295:1fa2:e689:4672:5e78:4a69:349b',46,'1978-02-03 16:22:53','1996-04-10 05:18:29'),(47,'650',2,'c592:f7:1290:32fe:c25a:2b:968f:55ac',47,'2001-01-20 04:04:35','1984-09-23 01:00:01'),(48,'668',3,'d0c9:c90e:9cf3:7310:c08e:445a:aceb:1313',48,'1978-11-13 00:30:39','1994-02-06 06:56:15'),(49,'402',4,'b678:e4ad:37b9:c503:850e:44c6:97ac:af98',49,'1995-05-17 09:00:29','1972-04-19 03:18:41'),(50,'673',5,'7fc7:6755:677f:dded:4193:b26a:6628:504b',50,'1976-11-23 23:48:13','2013-06-22 13:49:29'),(51,'079',1,'23d:7785:b6e5:c63d:da9b:208e:234e:c5c4',51,'2008-08-15 11:50:47','1977-09-25 16:49:36'),(52,'050',2,'2bfe:cac9:63bf:c26f:bd2b:6200:ab1a:8e2',52,'1994-09-06 23:17:03','1986-03-30 22:37:48'),(53,'328',3,'c57:6733:4976:2f47:5e45:107d:64b:4ce5',53,'1984-02-03 22:42:55','1973-06-08 13:15:24'),(54,'975',4,'ebe5:f06e:aebd:f87e:96fd:e7fc:657b:7d74',54,'2016-12-06 20:11:47','2012-03-13 11:18:21'),(55,'212',5,'c7d0:3b64:ab3d:5b4f:dc13:a0:5772:c9e2',55,'1988-04-26 07:37:46','2005-05-26 15:30:22'),(56,'778',1,'52d3:7c7:882d:fd87:40f8:949:5f43:dafa',56,'1998-04-12 11:45:52','2000-12-28 22:20:30'),(57,'569',2,'c1f6:b066:6d7f:b59d:b727:f1d4:54f3:8033',57,'1978-08-24 12:15:07','1986-04-25 20:01:20'),(58,'516',3,'4c7a:a2b9:50d7:3560:40a3:e34:8a46:74b8',58,'1970-07-02 16:32:41','1990-02-15 14:34:10'),(59,'976',4,'b331:45a8:2206:86f1:d1d4:dba7:c7dc:2401',59,'2013-03-30 21:26:32','1995-08-16 05:46:38'),(60,'536',5,'88d:f7ad:39ab:288b:59dd:1c57:803:13e7',60,'2000-01-23 13:39:23','2000-06-27 18:37:51'),(61,'707',1,'82de:271d:411c:af62:24eb:6790:d5f2:c247',61,'1980-04-06 14:17:28','1998-09-27 11:51:24'),(62,'624',2,'5af4:feed:5e7a:bda2:453d:9bf0:9a78:7a2f',62,'1998-10-19 01:22:51','2005-09-13 22:54:26'),(63,'729',3,'87b6:5ff9:b5d5:adb6:bb16:161d:b941:544d',63,'1999-06-18 12:32:12','2011-02-17 19:53:03'),(64,'765',4,'e95b:c00b:d760:7902:c2ec:2fd6:15b7:f598',64,'1970-06-24 03:51:23','2003-08-15 14:59:41'),(65,'290',5,'a24:9548:e7e9:5445:2f54:22bf:3957:6ca2',65,'2004-07-30 21:58:52','1975-11-16 12:57:28'),(66,'262',1,'9bb3:25a4:dd8c:a4dd:c65e:7404:194e:3f6',66,'1986-10-05 22:29:42','2016-07-18 14:28:30'),(67,'544',2,'815f:216e:a365:653e:16c5:1e54:3d40:7d1d',67,'1985-07-16 09:26:34','1989-08-05 11:17:33'),(68,'815',3,'e770:7cf8:ba90:8eb:3f14:7b58:2b38:a5bc',68,'2011-10-25 05:10:29','1994-11-02 20:35:17'),(69,'426',4,'a68f:c4bd:3192:2cc3:53d:6a58:548b:a96a',69,'1980-02-01 00:54:10','2000-05-05 23:19:14'),(70,'954',5,'6aff:da1c:9fe7:6f05:6fa6:4b0:8ed7:f242',70,'2012-07-11 15:03:50','1987-06-19 17:00:24'),(71,'302',1,'cac3:4e8a:11c1:f0fa:dc1f:99e9:b7e2:5ea2',71,'1986-11-06 10:16:55','2003-05-24 11:40:25'),(72,'295',2,'67b0:7efe:c2b:1947:1701:b694:7f7f:1c42',72,'2008-01-13 09:45:49','1994-02-12 21:01:29'),(73,'310',3,'cf34:5d2:d310:ebbd:9880:b3db:391b:c0ce',73,'2000-08-18 11:53:46','2007-11-06 01:34:38'),(74,'682',4,'58f:f6a:3fc1:fab7:b812:6e93:45d9:2ae3',74,'1976-01-03 15:39:17','1994-09-07 05:52:55'),(75,'644',5,'abe4:bd3c:a133:ca25:5baf:8246:19bf:9cd1',75,'1972-11-01 17:26:22','1972-12-03 19:59:26'),(76,'762',1,'6c58:3798:8858:4b4e:f44d:5efb:ae2f:3d44',76,'1970-08-04 16:52:17','1998-11-02 03:42:31'),(77,'684',2,'316d:328f:5246:f1d1:7b75:eae4:4128:d526',77,'2011-05-21 04:16:34','1994-03-04 02:31:54'),(78,'779',3,'5186:6b5d:3eea:e6a1:8e3b:cdbb:c9e:5449',78,'1972-07-09 18:27:30','2004-11-29 13:11:56'),(79,'482',4,'ad0c:20d0:f4e1:4e23:eb7b:1fa:bdfd:2b52',79,'1972-02-10 20:11:12','2001-09-13 14:26:33'),(80,'350',5,'11da:7fab:a4b2:6048:8ca4:e390:9ca5:46a4',80,'1994-02-28 09:38:13','1992-02-06 02:31:10'),(81,'292',1,'b100:9612:6ce:a02e:c8e:e94a:8720:61c7',81,'1976-12-06 19:56:23','2005-02-16 16:42:41'),(82,'331',2,'1be5:2b9f:314b:4512:1078:3ea7:1d4c:16cc',82,'2019-01-07 07:41:41','2000-10-14 06:47:57'),(83,'619',3,'8c2e:3521:8273:a543:72a7:5fdb:be7f:b549',83,'1978-09-19 05:00:42','1993-05-11 03:34:34'),(84,'000',4,'81e3:a16f:8a53:7466:e20:dad4:f682:f06c',84,'1996-04-25 11:22:08','2012-01-15 00:26:19'),(85,'836',5,'2e75:203e:8038:5ac7:c021:7ba:39a5:ee7e',85,'1997-12-01 10:28:57','2013-12-05 03:32:38'),(86,'957',1,'60b3:c804:9cd9:cff9:e80b:43d1:90b0:93aa',86,'1991-05-08 16:10:54','2016-07-08 04:00:44'),(87,'542',2,'1561:2c0e:62a9:95b6:fc28:c69b:1b37:4c36',87,'1985-07-20 02:15:56','2009-09-06 20:34:27'),(88,'969',3,'a63e:4fa7:68b:8a78:b01:cc33:3046:55b4',88,'2015-09-11 15:39:29','1982-07-25 02:38:35'),(89,'231',4,'afc3:1e1b:43e4:1ab2:b9c9:74fc:f1dd:b76a',89,'1995-03-22 17:02:07','2017-02-26 16:02:20'),(90,'375',5,'7f8f:936d:9a2d:b9a5:668e:5faf:c72:4fa3',90,'2010-10-15 18:24:42','1970-07-20 04:32:39'),(91,'869',1,'73ce:ca29:9cef:8231:b537:8927:5d96:42d5',91,'1985-08-19 16:22:25','1970-09-01 17:32:21'),(92,'316',2,'f5b0:263a:1d6a:6b44:a3a9:728b:7a2:ee1d',92,'1981-07-25 00:15:56','2012-01-28 09:21:14'),(93,'791',3,'e334:1e66:deb1:9d75:d2a0:c2b:89b4:6c90',93,'1985-10-15 10:37:36','1985-05-04 20:02:39'),(94,'427',4,'612f:1168:a38a:2337:3597:5673:ede7:e0cf',94,'1974-10-16 22:11:58','1973-09-11 10:49:56'),(95,'618',5,'3311:7104:4540:c553:d91e:7acf:7f2d:ccd3',95,'1985-09-30 05:29:47','1971-12-30 10:17:52'),(96,'278',1,'9c25:d5bb:8c2c:a78c:61f3:75cb:58f0:90ae',96,'1977-10-16 22:13:33','1977-11-20 06:55:11'),(97,'881',2,'1843:b2c1:3188:dc13:3c7:a2be:9e28:7c94',97,'1983-04-29 22:29:23','1997-03-05 15:28:30'),(98,'691',3,'be5c:3195:dc00:a033:bcb8:25c1:229c:7056',98,'1974-12-28 04:09:27','1970-03-10 08:13:13'),(99,'924',4,'5a26:cf31:cd1d:81c7:e577:ed95:8811:7700',99,'1996-01-10 09:42:05','1979-08-10 20:54:04'),(100,'384',5,'8975:98ef:3b6a:96b4:974a:df85:8f13:4976',100,'1998-11-14 10:09:09','1988-10-07 02:42:13'),(101,'837',1,'c225:a8ea:57b8:74b8:9e98:520f:f800:bed6',1,'1977-12-03 16:09:54','2017-12-19 04:14:21'),(102,'657',2,'1997:b5b7:db50:2e05:da4a:59f5:b63:6e2d',2,'2001-09-04 03:22:08','2000-08-03 03:45:09'),(103,'658',3,'946c:454e:466d:77ad:6ef6:2998:9877:f160',3,'1970-09-11 03:52:39','1980-12-18 07:53:23'),(104,'271',4,'da7e:b283:94a8:8315:7401:2527:fe34:cb42',4,'1993-01-02 14:15:51','1982-02-03 14:05:34'),(105,'093',5,'8d7e:db4f:b58d:4328:b54a:ea02:9989:9648',5,'2018-06-17 22:26:37','2011-07-08 02:11:44'),(106,'890',1,'a5be:e5ab:289f:d285:a48c:715e:ce42:f12b',6,'1999-09-10 18:07:24','1999-03-24 17:54:51'),(107,'216',2,'a147:b2d4:960a:acaa:65e6:33df:3668:88db',7,'1978-09-29 11:29:26','2014-05-03 00:50:18'),(108,'968',3,'f50:eb26:658b:c4a:25b4:effc:cea:2585',8,'1977-03-21 16:29:57','1984-07-27 13:29:40'),(109,'665',4,'2f76:3cc3:478d:b2a5:f8a3:f608:1f1:fdb7',9,'1971-04-04 03:45:20','1979-09-23 23:17:10'),(110,'267',5,'9b0b:4122:79a0:8252:e4db:1562:b2ea:9da6',10,'2008-12-11 09:24:27','1972-01-07 05:25:34'),(111,'965',1,'f17c:159e:5a0a:2161:f17f:97b6:2ce6:559e',11,'1981-01-27 22:00:15','1989-04-03 13:09:32'),(112,'982',2,'1c8a:d9e2:554e:d86d:29d8:5a47:98d3:6082',12,'2013-05-18 09:51:18','1997-06-19 06:52:45'),(113,'494',3,'2b6c:ab79:f10f:2a85:3579:7af:a6c4:33b3',13,'1984-09-11 12:43:38','2018-12-06 09:37:51'),(114,'335',4,'5b7:e70d:da16:9745:31d5:c1f2:7060:3cc2',14,'1996-08-11 13:10:26','2003-01-28 00:39:34'),(115,'304',5,'6b8:d856:5002:c4f3:1812:f5c8:f31b:8fa1',15,'1995-06-03 00:14:03','2009-09-19 16:40:47'),(116,'387',1,'9087:5aab:b2ed:6582:dff5:47a5:38a0:e7ec',16,'1985-09-27 14:43:04','2014-10-20 10:57:42'),(117,'550',2,'cb38:9a98:46aa:d513:ad7d:1a0:124e:84e8',17,'1981-05-09 13:03:44','2007-06-29 17:15:37'),(118,'687',3,'af52:a3d:6540:3ab5:e1d4:b62:e2a1:c292',18,'2017-07-29 11:26:12','1999-02-05 00:13:39'),(119,'071',4,'1fb7:a4e2:c5af:4849:1d21:45e9:9264:dbe7',19,'2001-10-30 19:00:28','1999-11-06 01:43:57'),(120,'248',5,'e099:73fe:d4da:71fd:ba19:2c3e:f392:b846',20,'2007-12-06 09:49:39','1998-01-18 08:58:10'),(121,'083',1,'5cef:4ea3:7126:94de:4c16:f4f5:b248:7cd2',21,'2006-03-16 00:50:44','1996-02-11 10:46:12'),(122,'709',2,'9b3b:95e8:5042:4dc4:3180:8c9e:56dd:7ac2',22,'1981-10-19 18:36:04','1970-01-29 12:32:43'),(123,'466',3,'7dde:2ae8:86e0:17de:d142:91b5:fd3f:9a50',23,'2013-07-28 07:20:41','1974-07-04 15:31:33'),(124,'014',4,'6aeb:59b5:5df0:259:64e5:6403:2d4a:eb31',24,'2011-11-06 02:37:56','1987-11-23 08:13:32'),(125,'973',5,'f785:66f2:8342:efae:5fa6:2e0f:297e:ae42',25,'1972-04-30 01:20:55','1975-02-05 12:55:14'),(126,'032',1,'7450:b375:41a7:3803:82e:ffce:ea7e:a46c',26,'2008-03-30 05:34:41','2007-11-12 14:05:46'),(127,'219',2,'2a18:55ee:5d7b:3b06:3715:227f:7a8:55ed',27,'1992-08-16 11:33:50','1970-05-25 11:08:27'),(128,'920',3,'cf:ed6e:61e8:d49d:9e53:2a1d:f95:71da',28,'1986-07-30 14:58:38','1972-02-26 17:37:24'),(129,'091',4,'a860:f85e:be78:13c5:2b3c:a0cd:1082:31b',29,'1997-07-07 08:57:44','1993-10-28 03:35:59'),(130,'697',5,'2b4d:fc78:f056:4e73:c8fe:4fd3:dc8d:eb7c',30,'1971-08-10 23:59:31','2001-09-14 18:04:21'),(131,'785',1,'dddb:8b8d:f9fb:8cb7:bfdc:908:3cc1:c51d',31,'1983-10-22 00:32:10','1978-08-10 00:38:54'),(132,'497',2,'8134:2502:52fc:eb01:2b7e:2241:8ad6:4142',32,'2000-06-04 13:30:34','1986-11-03 09:57:26'),(133,'921',3,'4387:1132:efc9:6d97:789d:b698:54e9:886',33,'1996-12-01 10:58:05','1981-06-01 19:18:03'),(134,'121',4,'7177:9e62:3449:e609:23cc:ce8e:bef3:577e',34,'2017-11-07 01:48:29','2008-05-06 19:50:53'),(135,'499',5,'d168:f092:c38c:4075:d3bb:5377:8e7e:861c',35,'1996-03-31 22:14:32','2011-04-12 23:17:45'),(136,'730',1,'863a:6194:3746:7605:d792:8570:c31c:60a5',36,'1971-09-16 11:02:12','1974-11-11 20:01:54'),(137,'052',2,'696e:9d72:6fb3:3b08:d248:7dda:5288:fea3',37,'1980-11-02 11:58:16','1997-08-07 06:49:10'),(138,'654',3,'782c:3c07:5c5c:e576:4cdd:e12e:a52c:7566',38,'1974-01-20 20:33:37','2012-08-19 14:14:52'),(139,'447',4,'4840:e0cd:df7b:1f2e:20e1:a444:f603:3f9f',39,'2004-09-15 13:21:46','1971-11-08 05:46:51'),(140,'743',5,'f448:540c:814:e9e7:a045:8bbc:871e:b5aa',40,'1970-08-19 19:38:48','1976-04-27 08:10:26'),(141,'025',1,'b794:d5e7:750:2de2:8e4f:3693:52f5:c17f',41,'2004-11-11 21:17:12','2000-06-01 01:24:31'),(142,'649',2,'9a02:b1f0:26b9:d3e:727c:3d7f:faee:7842',42,'1989-04-29 00:59:16','1979-08-21 00:21:23'),(143,'101',3,'1ea4:6273:a018:24e9:c012:d2a2:18b8:ee4f',43,'1977-11-02 19:51:26','1975-11-17 22:13:21'),(144,'972',4,'39cb:aca4:f579:eaa2:7dba:deac:af23:8f1',44,'1989-02-01 14:18:14','1985-04-23 05:23:02'),(145,'527',5,'f0b9:8d9:6071:671d:a7b8:56f2:a5b9:1d',45,'2007-09-04 23:50:49','1973-07-24 09:36:55'),(146,'997',1,'a2b6:c1b5:c8d9:e5d9:672c:525e:5f87:9387',46,'1985-04-26 05:15:44','1980-02-22 00:44:45'),(147,'120',2,'dec8:cc8a:8aa3:2704:cea3:6604:4c94:ac90',47,'2003-03-01 00:16:01','2010-05-11 15:30:56'),(148,'078',3,'b740:b9c1:830d:14e7:befb:57d7:6887:991b',48,'2018-05-26 01:05:25','1995-11-06 10:42:14'),(149,'865',4,'59ef:bf32:5a27:2b62:ec73:51e2:214:a1e7',49,'2001-08-12 04:50:07','1998-12-21 06:22:25'),(150,'139',5,'13dc:902e:a2a:6eea:f904:b165:abdb:ceb0',50,'1983-06-18 19:00:24','1997-06-02 03:48:13'),(151,'220',1,'406a:9162:6949:c38e:9efe:b12f:96a6:2c92',51,'2017-01-14 08:21:18','1977-04-30 06:24:25'),(152,'205',2,'3cf2:6aee:d12b:e000:499:625e:b99c:54f6',52,'2014-03-11 17:07:11','2000-12-31 16:29:04'),(153,'782',3,'4666:4190:4b2f:28f2:856a:2128:3b7f:cbc2',53,'2010-05-23 04:14:13','1995-12-01 11:47:53'),(154,'712',4,'9459:4e01:a57e:6541:a9cc:3590:6fe5:d1bf',54,'1982-08-17 22:52:04','2017-05-19 04:05:18'),(155,'213',5,'e5d5:7021:cb03:4020:19ce:5c6a:a5fc:9672',55,'1985-04-18 01:20:14','1987-10-15 11:54:03'),(156,'801',1,'7987:112a:2a20:5390:1b21:617d:a612:5fbc',56,'2001-09-25 00:34:33','1971-07-29 07:22:28'),(157,'076',2,'a069:c732:ba4c:4f59:c26c:dc87:3378:84cc',57,'1970-06-30 01:15:18','1975-08-03 23:38:51'),(158,'059',3,'430a:e011:b6c7:9a8f:beee:4921:db94:7bdf',58,'1981-07-21 23:19:37','1977-09-08 16:44:59'),(159,'064',4,'f21e:b86a:81a0:2118:5256:3608:8f3c:eab5',59,'2004-04-20 10:12:36','1998-01-04 03:57:33'),(160,'037',5,'dbf9:3033:4076:2cbf:37de:547c:96bd:fab3',60,'1985-01-31 04:55:51','1987-03-20 02:12:21'),(161,'193',1,'840a:723b:2471:8c2b:1852:4d6:7463:f921',61,'2014-11-21 03:33:54','1997-08-31 15:54:39'),(162,'999',2,'49c7:f873:8a6a:f626:9c04:c330:4a42:4a93',62,'1970-04-15 04:09:44','1982-04-27 13:51:27'),(163,'433',3,'8d16:5416:3347:fd2e:af20:c6f:d1c8:6365',63,'1982-07-11 03:56:34','1994-11-07 11:34:06'),(164,'116',4,'13cf:8506:5f8d:ff3c:7aa8:3f2d:1a0:ec93',64,'1994-03-02 20:49:47','1999-07-02 23:16:39'),(165,'273',5,'40d3:37c1:74b2:c78c:2b1e:68f5:fe92:864',65,'1991-06-02 02:52:53','1995-02-08 20:02:09'),(166,'551',1,'af2b:4ab6:8062:7e1e:1cb2:6ea8:40eb:6e46',66,'1983-07-04 11:07:26','1983-05-09 11:27:04'),(167,'409',2,'b0e6:3859:a2d3:4913:6617:4c9a:2503:4ce0',67,'1971-05-12 16:59:08','2000-12-16 06:53:34'),(168,'645',3,'c49a:57fe:eb0a:7130:53ec:bfcb:5de0:6110',68,'2011-12-24 19:01:09','1999-10-25 06:13:01'),(169,'861',4,'ed52:5c47:567e:81b:5cae:c1c5:4ee7:5b73',69,'2011-12-18 17:37:21','2004-09-11 01:29:09'),(170,'637',5,'a9c0:42db:c47c:4da5:40d2:f36e:cd32:1f25',70,'2009-11-10 10:45:09','2018-12-07 11:05:08'),(171,'320',1,'2d9:3230:bd44:7b7f:d14d:fe00:c9d1:3191',71,'1970-08-03 22:55:44','1989-05-04 02:51:14'),(172,'206',2,'9520:21c3:afeb:4093:b5b4:4692:fb25:5c5e',72,'1992-03-21 10:39:50','1977-01-02 11:31:08'),(173,'660',3,'4002:31c3:a22e:d4aa:afac:cf05:addc:a190',73,'1973-05-24 12:12:03','2016-12-11 09:32:22'),(174,'507',4,'98a1:9516:d2ab:aa5c:b791:acee:58d7:ea56',74,'2011-05-26 13:57:33','1994-12-10 05:33:25'),(175,'417',5,'a80e:4517:dd8:d9be:8b33:f696:9f53:513d',75,'1992-03-15 17:13:38','2010-11-28 19:15:48'),(176,'720',1,'2de4:1d17:59f9:dd0d:b99:8bb5:c916:d19f',76,'1989-09-08 00:22:00','1978-08-28 15:12:49'),(177,'893',2,'114d:e3a5:1d8a:3f49:98f1:1717:bdad:77eb',77,'1985-02-12 10:21:36','1977-02-07 18:36:04'),(178,'763',3,'1db5:cc94:a6f4:6f85:d589:e2d5:8a33:1c17',78,'1972-08-13 03:18:32','1993-02-19 01:37:50'),(179,'245',4,'22b7:deed:9079:516e:4b6f:d393:d2f8:81ba',79,'1976-05-08 06:58:27','2016-08-13 15:40:15'),(180,'424',5,'efb1:c53b:2f7a:9ab5:9a2f:958f:7f45:6862',80,'1971-07-22 11:14:56','1970-02-19 03:04:35'),(181,'812',1,'604:9dab:a5ab:2a0c:f4ea:ae1f:6a95:4302',81,'1972-06-17 22:41:43','1988-08-27 15:39:26'),(182,'877',2,'c60d:c8ef:ba0f:2b0d:c14a:6797:8ff8:7fe1',82,'1970-06-23 07:23:52','2010-01-08 03:11:31'),(183,'173',3,'5929:85cb:ae27:bed:2872:d18c:c395:71b7',83,'1988-11-01 11:35:18','1977-01-15 06:50:39'),(184,'034',4,'69da:c9fe:69b2:35ab:fdc6:c922:35eb:21f1',84,'1986-10-21 19:15:51','2018-09-19 09:41:48'),(185,'867',5,'40ff:8097:6e0f:20ac:9be2:894a:b084:b5a5',85,'1991-03-21 10:16:52','1998-07-05 07:58:08'),(186,'802',1,'143b:1e51:119e:c63b:fe58:7d67:902a:a4c7',86,'1980-11-27 05:54:41','1975-12-17 04:25:40'),(187,'775',2,'3613:5b7e:5b22:fb51:3651:5e0a:601:56da',87,'1985-02-28 09:56:03','2007-12-29 15:21:13'),(188,'900',3,'38b3:49e7:2103:5f59:675a:446c:34ba:a831',88,'1990-10-24 05:48:06','2008-09-01 15:09:15'),(189,'797',4,'f5c5:e5d5:bf06:4568:739b:9500:2fb2:57fd',89,'1995-10-15 05:23:21','1977-05-16 17:54:15'),(190,'442',5,'1c63:40ac:d1fd:f180:e12b:6d1d:76b6:a894',90,'2003-07-19 01:51:55','1983-11-28 03:35:11'),(191,'736',1,'9442:d607:b8f8:6999:dd14:7b71:c827:3756',91,'1986-03-04 23:09:00','2005-06-13 14:47:45'),(192,'749',2,'d1b0:9fdb:df51:a107:c74a:5cd5:1961:fee2',92,'2014-12-02 06:42:52','2005-08-03 05:59:09'),(193,'786',3,'9e69:67b4:ec5b:55d4:d76a:30d7:cc3c:9aa7',93,'1996-10-02 07:24:28','1992-04-08 02:43:08'),(194,'337',4,'6bdc:ed42:8d3e:de53:4a25:8ae8:52d4:f588',94,'2002-11-04 07:09:56','1971-07-05 00:39:07'),(195,'317',5,'5a7f:4ebb:f794:1621:1fb3:4011:7fc7:1700',95,'1994-01-04 11:35:07','2010-12-24 03:58:03'),(196,'074',1,'515a:55b0:d6db:2dc1:4ee7:9a0:9a29:ab66',96,'1987-01-31 01:06:15','1975-07-31 09:27:48'),(197,'581',2,'b74b:75f5:39bf:d89f:f465:58dc:1b55:b296',97,'1986-02-12 07:24:53','1977-02-10 09:19:39'),(198,'506',3,'5189:971e:d1bd:d6af:6f9f:2426:5b60:19d7',98,'1988-08-18 22:41:10','1990-12-03 11:36:37'),(199,'535',4,'44bd:c18a:a122:d107:4b43:2e20:91ed:f277',99,'1983-04-21 10:46:34','1979-03-28 16:57:22'),(200,'927',5,'ead2:857b:f113:ebf0:fc8b:d367:c9ba:fa71',100,'1997-08-08 22:07:31','2005-03-10 04:07:31'),(201,'305',1,'301c:e73:f4ba:7929:dd90:5a93:8ac5:2005',1,'1991-10-21 17:33:16','2008-07-02 14:02:15'),(202,'090',2,'b2e6:53c7:e29:115f:7dcc:ec9f:1961:63c8',2,'1987-08-26 22:47:36','1986-03-15 03:07:03'),(203,'336',3,'c097:6043:37fc:3cc5:3703:8976:52a2:8daa',3,'2008-09-27 21:49:45','2015-04-18 22:43:00'),(204,'364',4,'25cd:1f7f:894:5a2f:f4b8:eb61:7062:f163',4,'2019-06-06 07:12:23','1981-11-20 03:44:58'),(205,'896',5,'ef5a:14b9:98a1:782b:3ead:d133:8805:96d6',5,'1975-05-11 21:06:55','1988-06-17 05:44:21'),(206,'573',1,'37a4:a2e5:b01f:d2a2:e4f7:23f:d436:2b57',6,'1996-10-19 04:45:08','1981-06-09 06:02:59'),(207,'431',2,'69c5:b729:6f09:4b25:67df:4a0:f450:31a9',7,'1987-04-30 21:37:22','1987-03-17 02:23:14'),(208,'119',3,'c5a:259d:96ee:bb03:2915:1480:b510:e81d',8,'2013-03-13 07:17:34','1977-03-30 05:28:48'),(209,'141',4,'256a:d85d:7bbc:3e48:afec:5656:d67c:ccd4',9,'2002-08-10 07:14:12','1971-07-02 01:22:00'),(210,'688',5,'8e56:9d02:849f:de5d:beba:3a5a:4bd8:49aa',10,'1984-10-11 03:44:02','2017-05-26 10:51:52'),(211,'130',1,'491e:4ab2:f940:3519:abca:b359:89a9:9f7f',11,'2002-11-11 07:47:33','2014-01-10 13:22:42'),(212,'772',2,'1a69:7851:febc:200e:7571:3ac7:7988:fcb2',12,'1973-04-30 00:02:16','1993-11-29 16:40:01'),(213,'450',3,'5275:e247:f2db:740a:ab81:3130:ecce:2b0e',13,'1985-08-07 20:07:22','1995-04-15 01:04:32'),(214,'003',4,'5bf2:e2e5:365f:8f0d:789f:d563:9019:8eb4',14,'2007-02-25 20:15:03','2011-07-09 11:21:06'),(215,'933',5,'49c2:412:398b:e85c:4686:2e3e:40cd:ae12',15,'2018-06-15 09:49:48','2008-07-16 12:33:39'),(216,'181',1,'1914:14cc:36dc:8c84:a7b7:f6be:29f4:9cf4',16,'1975-09-12 11:04:43','2018-02-01 05:22:51'),(217,'608',2,'c12f:87fd:9d6:7388:196:81d5:8636:23d9',17,'2004-05-26 16:37:19','1970-05-16 16:36:48'),(218,'715',3,'ffe8:3fdd:d3b7:d5d7:25ac:3fe3:5bd7:d906',18,'2011-11-15 03:59:04','2009-08-20 20:16:47'),(219,'344',4,'730:6dfa:586f:2fd3:af97:eabe:631a:d0d7',19,'1975-05-27 07:11:46','1995-06-15 12:42:48'),(220,'599',5,'bbc:f1ab:bdc1:3dcb:57e8:ee87:5d0c:f728',20,'1971-12-09 03:21:13','2001-05-07 02:27:51'),(221,'907',1,'ee3a:27a7:3871:c586:74ad:2364:c4f2:3a5e',21,'1984-01-05 00:30:58','2019-06-28 21:55:08'),(222,'600',2,'b177:5b32:950b:e2f0:9f0f:20c4:5fb6:2eee',22,'2018-12-28 19:13:25','2007-09-13 14:53:06'),(223,'689',3,'d098:f28c:51a:679c:b1d:6ca:e603:320d',23,'2017-09-01 23:55:31','1974-06-30 17:04:30'),(224,'137',4,'c798:c307:4b6:4c25:1f31:6397:5196:d31f',24,'2003-01-12 08:06:41','1985-04-28 01:41:47'),(225,'339',5,'9c6:36b2:3c62:7e3e:d9a4:40bd:3aba:1e35',25,'1987-11-09 14:06:31','2001-09-06 23:41:33'),(226,'182',1,'d7ab:6ec4:14e5:c9b6:370:ee4a:b3ae:3b8f',26,'1982-12-03 19:43:22','2007-08-26 08:29:23'),(227,'110',2,'b9f8:f48a:62f:eacd:e624:86bb:7c74:cdc3',27,'2009-05-12 15:32:25','1990-06-05 02:08:11'),(228,'435',3,'9faf:40e6:6500:9b26:2cd7:8bd5:890c:8abe',28,'1998-06-19 01:52:58','2005-08-26 14:42:55'),(229,'297',4,'ed9c:b73a:5848:a170:ab25:c952:e5d9:f2bd',29,'2016-02-22 16:04:57','2002-02-20 13:50:06'),(230,'617',5,'4fbc:a2de:7751:95e9:fa53:6e32:147c:9403',30,'1997-01-24 12:52:23','2006-08-30 10:26:01'),(231,'620',1,'f449:2b1a:6aca:98ca:e6f8:4edb:207f:8685',31,'2009-12-20 14:01:33','1978-06-26 15:24:15'),(232,'769',2,'f222:9b2a:6c7a:54fb:4cba:5bc:b6d5:6f99',32,'1997-07-17 02:52:32','1990-08-20 04:52:10'),(233,'524',3,'fefd:661d:45c2:a06c:eecf:8fe:6e28:53c0',33,'2008-09-11 13:26:40','2012-04-19 08:26:26'),(234,'377',4,'116c:8859:ab30:682:95fe:9cdb:9940:d238',34,'2008-05-06 15:33:45','2006-04-14 14:40:13'),(235,'105',5,'bde3:a54e:a176:c306:789c:8e3f:c61f:25ec',35,'1997-11-02 14:19:34','1992-12-27 02:03:01'),(236,'457',1,'6c5d:aa56:8f17:139a:a9c8:8255:2c40:c7a2',36,'1987-12-20 05:06:11','1998-07-09 20:40:02'),(237,'095',2,'8e5b:5310:dfe2:8fe:de11:c1df:21e4:e7ea',37,'1970-10-17 09:13:34','1987-11-27 08:44:16'),(238,'400',3,'95e6:cb49:f8b1:f97a:cbe3:5fc9:37f1:37bc',38,'1999-07-25 06:04:40','2010-11-03 15:41:16'),(239,'498',4,'bb2:950c:903c:df43:5086:f4ea:2da8:1849',39,'2019-04-14 09:11:53','1978-10-10 05:15:07'),(240,'405',5,'7f2b:8487:c241:4674:767d:659f:622c:1f5',40,'2011-02-20 12:33:24','2006-05-01 11:12:34'),(241,'142',1,'b11b:bd15:3941:86b7:3e7a:fb92:d8b2:608e',41,'2017-11-26 12:18:58','2002-06-08 18:26:03'),(242,'080',2,'1b32:680c:a818:7bf9:294a:b47b:d077:cdc8',42,'2019-03-13 19:52:12','1981-12-16 09:03:31'),(243,'129',3,'21cf:84c2:9c2c:4bc9:845:3856:3af8:e331',43,'2018-08-05 16:34:31','1982-09-19 11:24:05'),(244,'570',4,'76ca:a44c:a6f7:5887:803e:4e4f:4af2:2b5f',44,'1989-07-01 07:04:02','1990-09-27 16:56:20'),(245,'241',5,'d5f5:b36f:2bf7:edb7:e530:5df6:d1c1:8e13',45,'1992-09-01 11:38:07','1981-03-23 11:45:17'),(246,'503',1,'b2fc:cb51:99b:f9f7:8566:38:9f9f:77b6',46,'2004-08-04 00:25:27','2000-10-24 22:07:50'),(247,'493',2,'e70f:4e78:15b5:ae5d:4637:6bac:e3f:c53a',47,'1981-06-20 15:32:08','1973-04-23 01:46:00'),(248,'625',3,'8e41:d6f3:2a5e:a272:b306:b56e:fe8:19a',48,'2015-08-14 10:36:32','2003-09-12 21:13:44'),(249,'030',4,'ca56:1bc9:747a:b81f:59e3:ee67:1b0d:6dde',49,'1974-06-18 16:00:27','1980-09-10 14:47:00'),(250,'922',5,'1673:b908:848f:6300:ae4f:43b0:61f4:69ea',50,'1977-03-14 11:27:54','2004-03-11 05:42:38'),(251,'176',1,'d860:8e8a:ef7f:10f6:f3ae:886f:7c3c:ef23',51,'2013-12-09 22:57:59','1984-02-17 22:36:14'),(252,'880',2,'997e:faa8:2064:c6aa:68bb:4556:7c03:14f5',52,'1996-01-22 23:09:08','1993-06-07 05:08:57'),(253,'783',3,'b0e:f50f:27fd:778c:a1b2:86c0:7ae6:e61b',53,'2006-11-04 15:48:09','2012-09-08 22:23:02'),(254,'315',4,'d695:5f83:1e43:5925:c72d:a619:6685:1fbf',54,'2003-04-06 09:40:42','2013-07-08 17:11:38'),(255,'044',5,'f250:5efa:d830:ad1d:d562:d0de:e5d5:c537',55,'1974-04-07 05:41:20','2012-07-03 16:12:24'),(256,'491',1,'c24f:10ac:36b3:8d8c:bfe6:fd6e:a160:4044',56,'2005-06-05 08:17:39','2019-08-05 21:02:17'),(257,'333',2,'e60c:2ef:9df6:fc13:b184:5530:73b7:cbff',57,'2013-05-03 16:23:37','1979-03-20 15:06:09'),(258,'532',3,'a1f:cda9:9df4:caa4:1fcb:69c6:ac76:38fd',58,'2014-07-15 08:28:04','2006-11-24 23:51:03'),(259,'274',4,'1553:7e24:b6d2:b47f:9eff:89f7:3011:268c',59,'1975-12-21 20:54:08','1970-04-23 06:19:25'),(260,'359',5,'2c0:d67a:4350:22a:ff5:ce3f:5a7:c04c',60,'1989-01-27 18:23:19','1991-02-10 20:50:36'),(261,'414',1,'ba27:5af0:3122:2cda:3b51:c128:a098:af66',61,'1993-12-11 18:27:30','2010-08-20 03:15:18'),(262,'282',2,'f8f:36e1:30c8:e596:850:cd7c:8b6b:7b79',62,'2011-10-27 14:37:51','1994-05-25 09:23:10'),(263,'270',3,'865a:f2b3:4476:6625:c273:8d08:ffb:4fa5',63,'2006-02-19 11:44:46','1977-06-25 06:27:50'),(264,'247',4,'240f:f54f:25c4:bf2d:979b:82a7:df3d:e699',64,'2018-12-10 09:09:16','2017-01-27 00:03:26'),(265,'362',5,'cb53:2388:c3a5:d242:9c45:2e22:d077:26de',65,'1972-01-05 23:30:59','2016-08-06 04:04:53'),(266,'370',1,'d0c7:764c:ef69:b566:cdda:d8fe:6235:cc8f',66,'1994-08-25 19:43:53','2013-12-16 03:57:06'),(267,'856',2,'2c91:9e:8e81:61ed:692b:b05b:e88c:9119',67,'2015-04-09 18:09:41','2019-07-22 06:57:24'),(268,'768',3,'4cb1:86fa:4c5:45a:70dd:295f:b74b:4b41',68,'1995-11-26 04:35:18','1992-12-07 00:59:19'),(269,'566',4,'b24a:df32:973:acad:68eb:d811:dbb3:81c5',69,'2014-08-24 10:51:16','1990-07-30 04:35:02'),(270,'051',5,'c123:c4e6:b146:88e0:e0d0:4619:2802:4778',70,'1985-04-26 21:23:33','1974-06-29 19:37:10'),(271,'591',1,'b579:d3ec:5e8b:8eae:4512:6d24:b1b9:2854',71,'1994-07-15 10:23:59','1985-08-17 12:04:01'),(272,'115',2,'1ac2:ad51:494a:9ff3:f68e:80af:ef4b:71af',72,'1979-08-16 02:23:49','2010-09-15 06:31:31'),(273,'863',3,'4465:7fff:3a35:62d9:8814:7e03:95e9:d8fe',73,'2001-05-01 22:42:33','1994-04-19 03:46:49'),(274,'798',4,'2aaa:8a55:a610:d92a:2a4:70c0:2b99:cdaf',74,'2011-06-24 01:57:34','1985-05-19 13:30:28'),(275,'133',5,'4f0b:491a:1165:2eec:ad28:326b:7194:e6d',75,'1995-05-30 03:02:22','1978-10-09 07:03:52'),(276,'445',1,'c42a:1594:c265:8f6f:5c2a:d99c:fbff:4972',76,'1971-10-21 08:22:11','1981-06-30 02:56:35'),(277,'434',2,'c2a7:dc9:387d:2d9f:2814:9769:4860:76cd',77,'1975-07-29 21:40:19','2003-07-25 17:52:43'),(278,'750',3,'2e23:57b4:a2c3:fe30:e274:1029:c459:7f7d',78,'1997-05-19 09:21:44','2010-10-23 20:01:54'),(279,'200',4,'50fd:297d:d70c:246a:a507:d838:d9a3:5fe7',79,'2003-07-12 18:28:13','1980-11-22 00:48:31'),(280,'094',5,'101c:6683:4447:44ca:7c29:e090:2e8b:6a8c',80,'2018-09-02 11:15:59','2005-09-26 19:52:04'),(281,'636',1,'7be9:497:c3ec:2cc8:26df:e5c4:24f1:eede',81,'1995-03-08 05:43:54','1989-12-17 11:51:31'),(282,'225',2,'ba69:7d13:b85b:1a12:5d64:ad2d:6dc3:bf7a',82,'2000-10-16 11:14:54','1988-05-08 21:11:57'),(283,'347',3,'9616:6f6b:fdaa:c74b:e82c:b93d:a900:584f',83,'1996-09-02 22:19:23','2002-11-17 23:39:39'),(284,'411',4,'2241:3032:8c8c:f1a9:a0cb:dbb:b8b0:bf82',84,'2001-09-12 18:45:35','2011-02-24 17:24:31'),(285,'792',5,'afa8:37b4:5b:b37f:14:4162:5d2a:3909',85,'1992-11-13 21:21:34','2013-01-14 14:40:47'),(286,'713',1,'8d2f:f2b6:60a2:abee:432b:4343:6940:9e39',86,'1970-11-28 05:45:52','2013-02-07 03:19:36'),(287,'662',2,'c7c8:3b26:7242:41a7:f127:8660:b276:b881',87,'1987-02-16 10:36:31','1985-03-02 23:35:02'),(288,'327',3,'6d4a:a80f:863a:1870:9d3:3d0a:217e:4cae',88,'1996-11-14 10:28:08','2009-06-08 10:03:03'),(289,'276',4,'fab3:b48d:44b5:803d:a14b:488a:a754:45b4',89,'2000-06-11 03:06:08','1988-02-10 09:33:41'),(290,'209',5,'1fe6:3c6a:4ee4:a3ec:1a9f:94d2:fca1:3f54',90,'1990-01-19 23:00:31','1977-04-16 05:44:56'),(291,'824',1,'b0cf:460a:fcdd:e04b:579d:b8be:55c8:5993',91,'1996-04-17 18:48:05','2007-02-09 13:40:12'),(292,'222',2,'70c7:25ab:b4ab:3b75:1b0f:789f:7f56:2758',92,'1991-06-30 07:17:40','1986-08-02 16:20:18'),(293,'685',3,'7bd3:5d32:12bf:baa7:8d87:74be:ddd7:e968',93,'1977-05-20 06:24:04','1987-05-24 00:37:46'),(294,'705',4,'9cc5:d9e9:4c99:62e3:6d64:baa9:44f:d105',94,'1997-12-09 16:44:33','1973-12-02 01:08:53'),(295,'234',5,'c0d4:fa18:6435:3f2c:c48c:8f6e:4c76:960b',95,'1997-07-29 09:20:55','2005-04-02 01:46:47'),(296,'061',1,'c1e8:b6b4:93f9:29c5:6e5b:6fb3:a71b:53f6',96,'2007-03-16 14:19:58','1993-10-11 21:33:36'),(297,'784',2,'2ed8:735b:86b8:35fe:c592:ed66:4ef1:70b5',97,'2011-04-12 10:22:57','2016-01-02 08:15:20'),(298,'903',3,'8298:54be:28fe:1b11:8707:35fa:64c9:3ff5',98,'1983-05-30 19:11:31','1984-10-20 03:46:04'),(299,'164',4,'c784:7be6:28c:c0e7:16c5:6976:8b17:a72c',99,'2001-01-18 12:59:28','2012-10-08 15:32:42'),(300,'988',5,'94f4:20b4:a088:95b6:ab10:b0ac:6ed:e729',100,'2009-01-25 15:31:44','2005-01-15 09:32:04'),(301,'204',1,'55e7:5663:c9b7:e4cd:d6ec:6fcc:6aba:8a68',1,'2013-07-24 09:23:49','1984-01-28 20:31:13'),(302,'300',2,'9093:fe03:b602:ec98:4b1f:1973:8046:35a9',2,'1999-08-29 18:47:15','1989-11-30 19:56:24'),(303,'585',3,'b462:f7c0:4453:7950:af6f:b4a0:9bd1:2876',3,'2017-06-09 09:28:22','1994-02-27 10:19:33'),(304,'701',4,'8061:7b3c:6483:96fc:32d0:7498:75a9:78ff',4,'1981-07-30 22:51:31','2011-12-10 22:40:39'),(305,'930',5,'ecf9:ecdc:5977:42c6:69f7:8085:116e:981f',5,'2017-06-08 05:25:20','2015-06-07 20:42:24'),(306,'007',1,'6855:8674:a8a:f1b3:d0d3:6d7b:badc:dcb1',6,'2003-07-19 20:00:45','1986-06-23 02:23:15'),(307,'042',2,'1391:89d:6e49:2230:cf44:3e62:fb44:5f9c',7,'2000-04-07 19:14:54','1984-04-19 01:24:54'),(308,'913',3,'897b:1609:915f:1b56:e416:146d:565a:2c4c',8,'1974-07-11 23:54:48','1990-10-27 14:20:13'),(309,'911',4,'e36c:2cb0:b036:69f:f8a9:abd4:bd2f:f3d0',9,'1987-09-28 07:32:39','1995-08-31 16:23:55'),(310,'961',5,'ed85:d2ba:fcb4:35fb:9f3b:371d:4979:5715',10,'1985-09-16 00:40:03','1995-01-26 09:50:16'),(311,'260',1,'198a:1d0e:b636:add6:f879:bf1d:ae34:fd17',11,'2004-04-10 02:56:38','1973-06-09 19:34:58'),(312,'210',2,'2f92:93c7:7eb:b8d6:c12a:cc3f:8123:77a8',12,'2011-11-12 04:47:53','1971-08-24 09:47:18'),(313,'461',3,'3178:5a3c:5f36:a4e:f6ea:2990:1c14:7de3',13,'1987-01-04 11:52:21','2013-05-03 12:13:05'),(314,'465',4,'4de:ee1e:6011:3b85:8f60:923c:3aae:b2b5',14,'1997-07-21 17:37:05','1980-07-13 13:52:11'),(315,'459',5,'c9eb:a6d7:6114:214d:1f70:89e9:1c51:1850',15,'2017-03-12 08:32:33','1995-05-13 05:47:34'),(316,'901',1,'3dcf:39e0:b927:5aae:5527:88c:3775:cc1a',16,'2018-09-27 21:36:44','1974-12-28 13:10:07'),(317,'586',2,'174:2bad:688b:119e:61a1:6164:3e52:8162',17,'1989-10-07 13:22:43','2003-07-12 14:25:27'),(318,'253',3,'a3c8:cb45:81ba:2bea:466:15e7:fde2:9de1',18,'2011-12-06 21:20:08','1975-04-27 15:09:13'),(319,'754',4,'e326:4cf3:716a:1168:11a5:43d3:6e5b:b28c',19,'1989-08-09 20:41:35','2000-03-01 04:56:36'),(320,'428',5,'2e4d:8b5b:b8e1:5f9:1fc2:5b4a:1a4b:1825',20,'1987-05-04 16:06:08','2014-08-17 13:32:47'),(321,'197',1,'d79d:aff3:c8b3:6232:3ce3:c545:ec3f:2fe1',21,'2003-07-05 10:08:01','2003-04-17 15:23:39'),(322,'719',2,'73ad:2fa9:9d63:ecf2:8f39:9df4:3c7f:ddd5',22,'1977-03-19 17:53:20','2008-01-10 09:36:24'),(323,'283',3,'dd38:d3f0:bb77:a5e2:d65f:8734:4d23:9111',23,'1983-09-20 13:13:20','1973-03-14 08:23:28'),(324,'576',4,'3134:cba0:9d1e:3aa0:d8e0:47d2:27b2:326a',24,'2005-03-25 13:45:51','1978-11-12 23:11:03'),(325,'555',5,'30c3:ef15:6604:e10c:8d0e:eec2:8ed1:181e',25,'2012-04-04 09:20:21','1971-10-27 04:03:47'),(326,'250',1,'4ca3:6267:274:8134:c201:9634:6cd4:c071',26,'2009-10-15 10:10:56','1997-07-14 20:25:43'),(327,'437',2,'b864:478d:dce3:f3cd:4085:6e56:30bf:9852',27,'2003-04-23 03:29:25','2004-03-11 19:36:34'),(328,'397',3,'68ae:47ce:c1e0:f072:12df:fb5a:8583:3bd6',28,'1973-10-04 03:04:43','1991-02-20 17:44:59'),(329,'086',4,'7117:1341:377b:f62:5e82:5d30:3cc1:2ceb',29,'1972-09-13 14:27:50','1974-10-12 18:11:51'),(330,'771',5,'47d3:7346:75c1:ec85:46f7:9026:9045:9ec0',30,'2006-03-14 07:23:06','2016-07-06 02:07:51'),(331,'634',1,'f101:f2dc:8ed3:13b8:3a44:b026:23a1:e8d2',31,'1987-02-23 23:09:15','1980-07-18 18:15:12'),(332,'601',2,'f9d7:100:def6:f2ce:b06b:2719:88ad:4ffa',32,'1972-06-27 16:37:57','1986-11-27 20:10:18'),(333,'406',3,'5790:3538:a2fd:e8cd:b300:528f:662d:5bc5',33,'1987-10-16 03:58:43','1975-07-25 12:20:17'),(334,'680',4,'c3dd:f48f:3f94:67ad:d8e:9ca:adae:5ae7',34,'1988-01-25 12:07:32','2013-03-18 02:55:06'),(335,'455',5,'6a58:70a7:f082:9ce4:ea12:3c17:d3d1:a6da',35,'1984-01-15 18:10:27','1993-03-19 00:38:30'),(336,'558',1,'ffca:e7ba:7ee9:4daa:add2:814d:904f:c0b1',36,'1970-04-05 16:50:43','2005-02-25 16:26:52'),(337,'509',2,'57e5:25cb:8507:b2bd:30c5:7ceb:92b:712e',37,'1971-01-20 06:57:12','2000-07-20 07:10:36'),(338,'272',3,'3a6d:4f58:bab8:2584:77e0:5239:8e2a:c667',38,'2000-04-20 08:36:07','1983-05-06 18:49:14'),(339,'054',4,'7713:222:2e09:57fe:3bad:f625:6d08:344a',39,'1979-09-11 11:19:04','1973-12-11 02:44:24'),(340,'676',5,'9aa1:e3e5:de77:40a8:16b1:e72f:e372:e782',40,'1999-08-28 21:58:59','2012-03-29 22:56:20'),(341,'223',1,'5d37:3a2e:bdd3:e5af:31ea:b5f7:fb9b:fdf',41,'1991-06-04 13:19:44','2008-05-19 15:00:15'),(342,'293',2,'f797:7282:a6d:1633:f5b4:8f52:499a:829',42,'2002-06-19 15:52:49','1999-12-12 08:26:18'),(343,'395',3,'fe6a:2f05:4a79:e464:17d1:5ddc:54a6:22c5',43,'2017-09-08 01:22:54','1986-09-01 02:29:32'),(344,'073',4,'fbbf:6427:69d9:182f:e18f:e7c0:6b2e:4271',44,'1997-10-30 15:50:35','1976-03-21 13:57:24'),(345,'746',5,'21de:4ac2:319b:5ad0:c786:4db3:2c8e:80eb',45,'1972-12-13 08:11:24','1984-06-21 16:04:36'),(346,'710',1,'3d94:d403:ad1a:ec85:16da:c21a:ce91:e05c',46,'1989-06-20 16:49:22','1978-07-21 22:24:34'),(347,'947',2,'97ad:1cc4:290:7929:22c3:8f11:3368:8fe8',47,'1970-06-29 19:25:43','1973-07-21 06:19:56'),(348,'109',3,'8d0d:248e:1748:c06c:de14:6955:c383:86a0',48,'2005-09-21 17:20:50','1996-07-27 03:56:26'),(349,'031',4,'c3ee:6a8c:1ddb:5a70:1db9:f93c:24e5:1fd3',49,'2007-11-19 13:06:03','1970-03-25 17:26:15'),(350,'584',5,'8197:fcf6:ccc4:1a26:5dca:d50e:1f20:82ea',50,'1971-10-15 00:26:25','2003-10-20 09:34:07'),(351,'728',1,'d299:4262:86f3:ebff:d77c:5d1a:8e75:b0fe',51,'1977-05-15 03:40:55','2000-08-17 08:37:12'),(352,'992',2,'a3a8:ee23:8f3e:ac06:31cf:830:a0f4:13ac',52,'1984-12-17 21:54:57','1985-04-29 07:36:50'),(353,'360',3,'218d:ee4e:9f0f:e831:a545:2908:8025:b392',53,'1993-04-03 03:45:03','1970-11-01 11:34:31'),(354,'281',4,'b073:a40d:8f3a:628b:207d:41b6:c2a0:c4da',54,'1987-02-03 22:19:28','1974-08-13 21:03:54'),(355,'840',5,'db47:2f4c:329:d090:7566:da6d:81a9:989',55,'2006-02-23 17:21:56','1978-08-22 14:37:22'),(356,'751',1,'95e4:ead:27b7:fe1c:a7f7:2331:897:636e',56,'1982-10-22 08:05:24','1994-11-28 05:44:51'),(357,'540',2,'e5fa:d339:d54:9b12:22bc:4e6b:57c7:c61b',57,'2013-10-25 22:21:21','2011-08-12 01:41:43'),(358,'365',3,'9b80:f26f:299e:ab4a:9b89:c4df:9051:7f7b',58,'1993-03-02 16:24:05','1991-10-27 11:18:03'),(359,'940',4,'98c4:7cb8:228a:6c2f:7c50:5557:3d38:b595',59,'2017-07-30 20:49:15','1974-10-09 11:22:03'),(360,'741',5,'78e4:783c:5ef2:8d03:dbd0:9daa:5f56:330e',60,'1990-07-02 21:36:06','2000-01-13 10:50:33'),(361,'522',1,'6bb1:f26f:66a4:ace7:1be8:57d4:1f01:cda4',61,'2018-04-28 14:34:38','1972-12-02 06:43:35'),(362,'043',2,'bbfc:bcdb:b492:7b78:4c05:6823:ab56:cf4e',62,'2016-11-27 09:33:01','1993-03-10 13:19:21'),(363,'841',3,'8c5d:c607:a207:907b:9d06:e84b:a0ed:1806',63,'2000-01-03 01:41:46','2011-12-13 05:31:44'),(364,'039',4,'c7fd:31e0:f6a2:548e:6988:5d5b:3f26:4c33',64,'1990-06-29 05:22:06','2008-08-13 21:32:26'),(365,'918',5,'e1bf:d094:4c6:6f29:cc32:dd72:9798:c11d',65,'1998-05-26 14:26:57','1970-05-12 18:33:34'),(366,'266',1,'c5d3:f6ff:f2bd:4eee:7cfa:4b4c:8bbb:da55',66,'1980-07-09 02:10:26','2005-05-28 14:35:32'),(367,'102',2,'e94c:eddb:7ed0:6116:19e1:566:6660:154b',67,'2010-08-30 19:52:20','1987-07-06 10:35:41'),(368,'773',3,'a5b6:7316:fa86:9d8f:4c81:2eae:54d0:7c14',68,'2004-05-08 00:08:39','2005-05-15 15:04:23'),(369,'513',4,'c2ac:2fec:5707:d9f5:3f58:699e:ffec:47b3',69,'2015-09-21 23:19:28','1971-05-17 04:32:00'),(370,'612',5,'336:16f8:90b9:eaf7:1855:e2e4:298f:7623',70,'2016-04-22 03:37:16','1976-04-20 16:13:53'),(371,'146',1,'2590:6ad9:384:ff63:100e:6aaa:4b12:eb5e',71,'2012-12-02 22:08:21','2004-10-29 00:21:27'),(372,'979',2,'9f45:e800:eef8:7346:6b5c:46c3:4a21:5f69',72,'1987-10-14 00:36:53','1993-05-23 17:36:39'),(373,'363',3,'bc05:d2bc:c167:296e:4166:97e9:90e3:490e',73,'2010-11-06 19:30:08','1975-10-10 22:35:34'),(374,'028',4,'b672:519b:db3e:cff2:d04b:3e0d:e0b0:5891',74,'2008-11-12 12:15:18','1972-11-02 12:23:06'),(375,'162',5,'fcc8:61f7:c56c:8498:b716:731e:71fb:d0b9',75,'1994-12-12 23:13:01','1985-02-18 02:25:10'),(376,'214',1,'447b:7e1e:6cfb:74dc:1207:89ba:721d:b198',76,'1991-10-27 11:07:33','1972-11-14 10:06:34'),(377,'944',2,'c080:2ee3:32f5:5a5b:9e72:e03b:1577:bc2d',77,'2017-08-12 04:25:27','2000-05-04 03:36:07'),(378,'381',3,'8ecb:2b50:5e16:6114:f356:cafd:5745:6b0a',78,'2010-11-12 14:48:38','2015-12-08 21:40:59'),(379,'015',4,'d50c:235b:9f96:7fb0:871a:47e2:ad78:28e8',79,'1972-06-23 06:00:36','2014-02-08 11:03:04'),(380,'170',5,'159f:9dae:78bb:cd84:2efc:89c:5d83:6085',80,'1992-12-15 10:07:54','1991-01-11 05:29:50'),(381,'808',1,'87f0:5cca:eb28:c92f:ff80:1956:fa6b:75e2',81,'2012-07-13 07:32:28','2001-05-18 01:01:59'),(382,'733',2,'8e0:6c54:e009:5e04:ee4:cd2b:eac5:e4c1',82,'2000-05-23 04:35:59','2002-03-21 06:45:24'),(383,'592',3,'7c9f:71f6:7f64:8dc1:f595:5987:1c99:387a',83,'1997-12-06 21:56:44','2016-01-05 16:35:39'),(384,'554',4,'1f3b:be1f:fb20:7df4:5b1d:68e:80d6:629c',84,'2010-06-13 19:03:42','2006-07-09 05:31:39'),(385,'917',5,'3d26:161d:e8e6:4d74:bb22:1c4d:ac82:ea3d',85,'2000-03-25 22:14:39','2016-01-31 23:42:02'),(386,'928',1,'a807:f0bc:9014:9899:4abe:6b8b:4bd9:37e6',86,'2006-07-31 20:39:02','2018-10-26 13:53:45'),(387,'510',2,'3bae:7b52:1736:7da9:40a1:d98f:9b4b:ec4d',87,'2000-03-30 08:15:22','1998-08-18 05:24:42'),(388,'108',3,'cda0:f722:1193:b670:5e31:d002:cb21:2018',88,'1984-11-22 15:11:11','1996-05-17 22:50:17'),(389,'227',4,'1e88:5dab:c53:5e3f:f00f:8066:9703:8926',89,'1980-07-18 08:34:05','1973-10-03 02:06:31'),(390,'844',5,'a49e:f831:5302:23be:6843:3d59:aea7:84f1',90,'1996-02-19 23:34:14','1999-01-27 04:29:15'),(391,'190',1,'2903:2bd5:f7e8:277d:4c3d:ebac:1f8d:ba26',91,'1979-03-20 10:52:46','1974-11-01 04:49:44'),(392,'914',2,'c3f1:de27:a1ee:667d:785:59c0:8eb7:fad0',92,'2017-02-24 07:39:53','1980-09-10 05:13:19'),(393,'259',3,'f074:a1e5:d29c:397c:88bd:d7fa:ad71:fc8d',93,'1989-07-01 02:53:03','1973-04-14 12:32:03'),(394,'970',4,'bb3e:5ae5:6298:270b:41d7:a496:d01a:7870',94,'1986-09-08 01:02:26','1988-07-26 07:56:16'),(395,'152',5,'2603:9318:6712:df8e:9aec:5596:50d4:7b3a',95,'1998-08-06 02:40:43','2006-11-12 12:27:01'),(396,'144',1,'8da4:8ad1:eec6:701a:909b:ab57:2191:b035',96,'1981-02-06 18:34:43','2011-07-19 22:45:18'),(397,'633',2,'6f57:21b5:d1a7:6b61:18c9:761c:b81c:99d',97,'1992-08-11 04:06:40','2017-05-23 20:17:34'),(398,'962',3,'ddee:f2c8:a0c4:32a3:941d:8029:76fb:1763',98,'2013-10-17 12:42:02','1977-12-20 08:26:18'),(399,'027',4,'2f81:d396:e508:34e1:d00a:4002:e3fa:e2de',99,'2011-02-26 20:24:25','1970-08-13 08:45:34'),(400,'218',5,'94da:dae0:7f53:d225:4495:7249:7a27:8daa',100,'2014-10-19 23:59:37','1982-04-25 07:02:06'),(401,'683',1,'fca0:46b:f056:5486:b819:42de:5d80:f90c',1,'1994-12-10 22:23:17','2019-12-31 16:27:08'),(402,'936',2,'b618:4094:fb30:ed7:d5ab:4f08:2a9e:7545',2,'2004-07-11 19:27:59','2016-11-12 10:00:49'),(403,'376',3,'d0d0:5c17:4d31:4ad8:3b46:646a:cc0:166f',3,'1979-06-12 04:59:41','1979-08-21 23:50:51'),(404,'346',4,'4f25:30e9:4561:7c45:3d83:a594:58fb:9abd',4,'2017-10-30 03:41:01','1986-08-28 09:55:34'),(405,'478',5,'a66:f073:be4f:77e3:245e:e725:33ec:96bb',5,'1994-08-01 20:14:46','2004-07-27 14:51:00'),(406,'806',1,'c713:9e8a:5362:722e:a4a0:480e:cacc:be9',6,'2007-11-16 08:59:38','1976-10-27 10:13:50'),(407,'408',2,'f9db:275a:8568:49f2:6eec:e0d2:1d21:e946',7,'2003-10-10 14:06:18','1992-01-24 04:30:25'),(408,'165',3,'856c:b550:2811:775b:725:c5e8:5122:7144',8,'2015-06-16 00:00:45','1971-03-09 18:22:41'),(409,'502',4,'3781:6c50:3221:9bfb:b3c3:b75f:192a:f49c',9,'2019-07-01 05:19:28','2019-09-13 07:37:08'),(410,'148',5,'f566:b249:2a2b:a52d:4ccd:422a:428b:3619',10,'1971-11-05 08:39:02','1983-02-24 18:16:59'),(411,'019',1,'2197:c1d3:2d5c:f73b:caf9:575d:3b9a:c8e',11,'1997-06-04 13:17:11','1982-08-08 09:09:16'),(412,'098',2,'520f:9818:b015:af17:f4c7:b800:654d:dd21',12,'2017-12-28 11:43:36','1993-12-12 16:01:26'),(413,'770',3,'2bb8:31ad:d850:bc1c:4761:c5ed:4d43:fa7c',13,'1971-02-19 11:32:49','1980-10-26 12:03:20'),(414,'845',4,'4031:a667:f7a:cab0:3311:a887:da9e:26e4',14,'1971-10-14 22:30:48','1987-02-21 21:14:53'),(415,'678',5,'b33c:187f:c127:10f1:7333:5071:b081:2450',15,'1983-02-28 22:35:36','1981-07-20 00:23:40'),(416,'577',1,'b4cb:3be:aab3:171e:8fbc:4f8d:c835:5602',16,'1989-07-11 00:28:02','1977-07-31 12:18:59'),(417,'938',2,'7647:ceed:362c:65b2:982e:b5bd:91ea:c72e',17,'2014-12-27 05:29:52','1974-09-17 06:53:27'),(418,'627',3,'479b:be8f:4d71:a7:9574:a996:ca8b:7a4',18,'2014-08-06 11:58:16','1991-06-27 15:07:48'),(419,'862',4,'d28d:ddfc:35:ea8d:3b22:4e8d:b0cd:6eff',19,'2002-01-06 01:48:30','2001-08-21 13:53:16'),(420,'774',5,'36a5:85cb:940b:4355:c82c:cf50:5b28:e23f',20,'2012-04-09 23:41:31','2013-04-11 01:40:58'),(421,'386',1,'b953:e847:aaa5:3eff:4c12:dfeb:aa16:4d23',21,'2004-12-08 16:33:22','1974-01-20 08:01:32'),(422,'656',2,'6ea7:2b9:86b1:10f:1788:c7ec:7e32:680e',22,'2011-01-06 05:44:57','2000-12-06 07:41:33'),(423,'264',3,'ac3d:bc33:304e:8f1a:6d6e:5809:8e99:7f2',23,'1993-11-16 05:28:41','1998-10-20 06:01:47'),(424,'456',4,'24d7:6ddc:c987:c3c4:82f:1d52:8b49:1354',24,'2002-06-22 21:03:15','1987-04-21 14:43:17'),(425,'394',5,'dff4:daba:1f7c:1a90:59b6:994c:5757:c199',25,'1989-12-23 20:21:19','1972-08-17 17:09:01'),(426,'647',1,'ac2c:fd49:7464:c415:5079:8325:5732:9074',26,'1992-07-12 00:09:11','2002-10-07 05:02:38'),(427,'960',2,'5517:d7ab:e6e9:5e2:a484:610a:8215:9cd',27,'1982-06-28 09:35:03','1980-10-24 00:22:25'),(428,'537',3,'65b9:1e50:92c0:7df8:2f9e:843a:9170:862a',28,'1992-04-08 13:28:23','2017-09-01 02:08:07'),(429,'675',4,'a17e:ea16:a5d5:dc5d:a97d:5145:aaf1:77dd',29,'2006-03-31 13:15:11','1983-02-20 08:32:19'),(430,'850',5,'8834:8e3d:acbe:ec68:46e1:12ae:e334:31e2',30,'2015-05-10 08:42:35','1997-11-30 05:35:02'),(431,'703',1,'1a9c:d53f:ba20:471b:2996:6222:49b5:cade',31,'1983-09-01 20:55:53','1979-06-14 23:26:55'),(432,'403',2,'1136:48bf:a4dd:b68d:2aa8:d083:17e:ce0a',32,'1998-07-09 23:06:45','1979-10-18 03:43:18'),(433,'505',3,'de86:b099:1f26:efbe:60fb:d1fa:3191:a937',33,'2011-08-07 06:21:52','1985-09-01 19:04:27'),(434,'171',4,'1dcc:4d15:bcb4:394e:7ff6:728d:cc73:7efa',34,'1993-05-05 08:04:01','2019-06-04 17:24:09'),(435,'321',5,'8e4e:a066:5341:3079:9f63:7575:d8f6:e011',35,'2001-01-01 11:42:20','1987-08-02 18:05:10'),(436,'179',1,'4157:f04c:7319:48de:d204:8f8d:bd35:8a2f',36,'1988-03-18 05:34:28','1970-10-16 00:35:12'),(437,'955',2,'169:10f1:79ec:6a94:9fd7:621:b0a1:9584',37,'2017-12-24 09:00:03','2010-04-03 18:20:56'),(438,'631',3,'9b74:1bf1:9699:23bc:afc5:1563:b00f:2510',38,'1985-12-09 11:18:46','1976-02-12 22:00:55'),(439,'040',4,'559:2879:a526:662e:38ea:6aa7:2a3d:566a',39,'1981-03-13 12:13:39','1987-04-23 12:07:42'),(440,'240',5,'2019:7b17:bbe4:c8cb:98ba:73f4:7f8e:c947',40,'1993-04-11 07:25:46','2002-11-16 14:13:38'),(441,'803',1,'271:ee86:2264:6916:ae6f:289e:476f:5c64',41,'1972-06-03 18:47:46','1979-06-27 07:19:43'),(442,'202',2,'520b:9b71:20e0:a58d:44fa:6d7b:9f39:efc1',42,'2010-02-24 07:03:30','2002-12-01 22:12:30'),(443,'826',3,'bcea:42f1:8f0a:13c3:9239:468c:697:1495',43,'1978-09-04 09:32:09','2009-03-24 16:51:56'),(444,'393',4,'682b:d1e:43d2:b73a:312d:ccae:8cd2:4dc6',44,'1991-06-21 06:17:58','2019-07-23 22:40:43'),(445,'492',5,'889e:eafa:c827:5a5:9b13:e9e0:1fd6:357b',45,'2005-09-14 19:22:43','2019-02-05 01:55:42'),(446,'941',1,'6139:774:5b69:4c68:3e8b:4456:8625:f028',46,'1973-02-12 20:39:42','2019-03-06 11:33:42'),(447,'994',2,'1e5d:dfee:9ca5:4830:17d3:4aa5:a3a6:d9cf',47,'1996-01-20 22:31:29','2001-09-30 00:40:18'),(448,'077',3,'312f:1016:3775:f05a:1a30:5a7f:c4e1:d60',48,'2002-12-13 05:18:10','1976-07-11 07:25:13'),(449,'583',4,'3ee8:672e:74f4:650b:1fc5:a982:9ae3:9f74',49,'2004-01-24 21:53:07','2003-01-14 02:08:28'),(450,'313',5,'26d2:db95:73ac:69b9:4fc2:b25b:11c0:ab08',50,'2019-01-03 09:31:27','2005-10-02 07:17:13'),(451,'298',1,'12f5:ac6f:47a7:d072:4662:89f6:9783:f727',51,'1991-03-25 15:01:04','1986-11-21 21:07:08'),(452,'574',2,'b831:1ff:6a7b:f964:9c62:9021:c7e1:e99e',52,'1981-07-24 23:29:48','1979-11-20 00:24:32'),(453,'693',3,'6f35:f6a8:c33d:e402:9d04:3da:5973:451d',53,'1983-09-18 07:36:57','2006-10-06 08:34:06'),(454,'722',4,'f93c:4309:6531:e81:1cec:1c8b:c85d:1245',54,'2009-01-26 03:18:37','1971-11-14 23:47:02'),(455,'974',5,'4f6c:bc28:2f6f:3526:1aa6:880d:fcf4:5330',55,'2003-12-13 02:35:01','2009-03-29 13:23:04'),(456,'993',1,'a0bf:4e7d:e75:f426:26e9:558b:9806:fe6',56,'1981-10-26 22:46:59','1973-10-03 06:10:35'),(457,'875',2,'9089:503b:421f:128b:36d9:a86:3d7d:c3ac',57,'1984-12-17 13:58:16','1976-12-17 16:45:19'),(458,'481',3,'9012:4af4:239a:64ff:5c18:cdfe:7e33:8c4d',58,'2019-07-24 08:28:29','1997-07-01 00:26:02'),(459,'163',4,'5deb:acc8:888d:3aa1:6675:ff9:a768:80c9',59,'1978-09-22 19:06:28','1994-02-22 16:18:05'),(460,'208',5,'235d:f5c9:4b6a:286b:86f1:3dd1:27bc:8fc8',60,'1993-03-18 17:25:24','1982-02-15 23:10:39'),(461,'932',1,'e6c7:8252:4be:ebe6:9b05:f89c:9efc:f492',61,'1984-07-18 08:16:20','2012-06-07 09:59:20'),(462,'117',2,'b73e:45d3:86ad:db69:b6d8:5aef:9fec:1060',62,'2003-02-07 22:14:19','2001-03-12 21:35:17'),(463,'132',3,'fcc7:c827:a38f:fd39:8fbc:1734:119c:83dd',63,'1986-08-20 07:32:47','2003-06-14 23:05:07'),(464,'372',4,'1eb3:b608:746c:95de:64c4:8e03:6599:232b',64,'2001-12-03 14:07:48','1992-10-17 10:42:17'),(465,'334',5,'8e36:e9c4:f1e9:db79:5a48:4dd7:d561:30b4',65,'2007-10-23 18:53:13','2014-10-26 15:03:40'),(466,'621',1,'764e:99e1:4de9:778c:cb0b:bdbc:227c:6c10',66,'2014-04-14 05:28:17','1974-10-07 04:29:16'),(467,'036',2,'d0a:e283:3786:73cd:ec7d:8d03:f3d5:c9d',67,'1989-01-17 12:13:45','2001-11-16 13:57:14'),(468,'100',3,'1c9e:e6c2:16b0:157:f8db:b1b8:53b7:f858',68,'2015-03-25 05:51:21','1982-05-09 10:59:02'),(469,'430',4,'46cd:e19e:f3e2:f0d5:3bdf:d66b:e200:9b6d',69,'2007-11-05 10:41:40','1981-02-23 08:44:03'),(470,'597',5,'b55f:96d5:4e9:361f:c95:d7ba:dd88:c4aa',70,'2007-03-18 22:25:08','1971-11-09 15:11:55'),(471,'626',1,'bbdc:79e3:129a:7e97:48ae:4364:7647:c2d3',71,'1994-06-24 05:16:02','2005-12-11 20:28:20'),(472,'017',2,'c5b8:c502:b640:a82e:a4f:6a48:fecf:ab1c',72,'1999-11-22 15:30:47','1988-09-25 13:21:32'),(473,'023',3,'745a:347f:5152:d740:e884:32d2:6d69:1732',73,'1985-07-30 13:29:43','1992-12-12 12:31:01'),(474,'835',4,'c7f2:7469:d808:5a2e:66c1:cc9c:4fbb:9bc3',74,'1985-01-12 21:38:13','1997-12-25 11:18:16'),(475,'221',5,'5873:c4a8:588c:3dd:fd75:231d:8643:14b0',75,'1998-09-14 12:50:14','1996-04-16 00:43:53'),(476,'834',1,'6251:d8dd:ff85:9095:67fb:4bff:e59:1b3f',76,'2016-02-28 00:09:35','1981-11-25 17:42:02'),(477,'056',2,'2fe9:487a:b006:8807:e8d8:9f85:640:f34',77,'2012-09-09 20:41:04','1985-05-13 03:42:55'),(478,'635',3,'af49:ceaa:e047:49ec:9ae3:f34e:d967:33bd',78,'2003-03-12 08:01:03','1995-05-30 01:55:23'),(479,'533',4,'808a:6890:e11e:c88f:db3b:dd10:ecc1:676e',79,'1991-09-21 23:40:56','1985-01-01 12:59:47'),(480,'517',5,'3b1f:37e2:2368:6827:21b3:6a89:3f6e:85cd',80,'2004-11-06 05:26:44','1976-03-21 18:39:09'),(481,'704',1,'75b4:98:873f:c19b:adaa:4872:cf32:3bcd',81,'2008-01-28 10:09:56','2015-05-20 03:48:45'),(482,'529',2,'caac:4c3:ff15:66fa:bc6c:ba81:92d:1267',82,'2005-01-12 02:39:17','2010-11-19 23:42:24'),(483,'178',3,'706f:e32a:367:19d2:1857:c5d:c9d1:7e0d',83,'1973-06-27 23:05:34','1998-10-14 09:15:08'),(484,'846',4,'38b3:477b:ef2c:46c0:4146:9a9d:5472:b7ec',84,'1998-11-20 09:20:51','1971-12-19 19:14:53'),(485,'035',5,'9042:6fe:c307:1492:7781:1349:f4aa:d68f',85,'1984-11-05 10:53:26','1975-06-04 22:11:59'),(486,'311',1,'9d81:3f7f:cf01:29d4:ce14:267c:11f9:15ea',86,'1972-05-17 10:37:06','1978-07-30 01:29:09'),(487,'526',2,'bcea:b39b:fb60:5af1:f6c4:58a8:f026:c762',87,'1975-01-15 18:53:03','2006-08-05 03:14:57'),(488,'047',3,'5f56:3b0e:81f1:a1c5:d5e:bd81:bf03:c765',88,'1972-04-04 10:02:03','2003-12-29 23:19:23'),(489,'866',4,'bfe7:7aaa:2a8c:4e6:7cda:9766:fcf:8289',89,'1986-08-17 00:01:54','1997-02-14 15:23:38'),(490,'748',5,'6e5a:f219:2a86:aa3c:4e00:51a2:eb29:d3f9',90,'1992-03-09 05:52:33','1993-03-12 19:26:01'),(491,'145',1,'3725:bed6:730b:1960:9580:7a4c:6133:ca78',91,'1977-02-14 01:16:55','1972-12-31 10:02:06'),(492,'628',2,'3a93:2207:a58b:b9ed:c51d:1a68:dd7d:1d7',92,'2000-04-27 07:47:35','1979-11-07 15:56:27'),(493,'872',3,'701:a578:b6da:3b46:f241:35a7:cb37:62d5',93,'2016-12-01 21:41:33','1979-10-23 05:31:59'),(494,'013',4,'4824:2c3f:9967:69c5:a064:c720:a552:c3ed',94,'2014-12-31 09:08:28','1975-05-15 09:01:04'),(495,'343',5,'348e:ed51:f261:aa29:447f:121a:e899:8bc8',95,'1994-02-02 16:48:19','2003-09-21 05:02:50'),(496,'879',1,'1bc4:8c09:311:a515:9952:ac:4332:ae7c',96,'2000-08-26 05:17:56','1993-03-20 20:11:59'),(497,'964',2,'4eba:33be:815a:e049:b278:9fe4:35d:a3a5',97,'2000-11-19 06:36:39','1997-02-05 10:56:34'),(498,'243',3,'5a3d:f569:17f7:e8a3:351e:8ce1:a354:f19b',98,'1996-12-24 16:23:07','1979-12-28 19:34:36'),(499,'429',4,'cdd8:5503:e297:3d7f:49a3:10d5:c57c:a290',99,'1998-07-25 15:37:11','1987-12-13 21:17:10'),(500,'169',5,'cf36:a24c:a126:d032:b117:4ce8:658:932d',100,'1977-03-15 19:49:53','1977-03-16 08:15:49');
/*!40000 ALTER TABLE `documents` ENABLE KEYS */;
UNLOCK TABLES;

--
-- Table structure for table `documents_types`
--

DROP TABLE IF EXISTS `documents_types`;
/*!40101 SET @saved_cs_client     = @@character_set_client */;
/*!50503 SET character_set_client = utf8mb4 */;
CREATE TABLE `documents_types` (
  `id` int(10) unsigned NOT NULL AUTO_INCREMENT,
  `name` varchar(150) COLLATE utf8mb4_general_ci NOT NULL,
  PRIMARY KEY (`id`)
) ENGINE=InnoDB AUTO_INCREMENT=6 DEFAULT CHARSET=utf8mb4 COLLATE=utf8mb4_general_ci;
/*!40101 SET character_set_client = @saved_cs_client */;

--
-- Dumping data for table `documents_types`
--

LOCK TABLES `documents_types` WRITE;
/*!40000 ALTER TABLE `documents_types` DISABLE KEYS */;
INSERT INTO `documents_types` VALUES (1,' ЗН'),(2,' Другое'),(3,' Приказ'),(4,' ЗН'),(5,' Приказ');
/*!40000 ALTER TABLE `documents_types` ENABLE KEYS */;
UNLOCK TABLES;

--
-- Temporary view structure for view `engineers_view`
--

DROP TABLE IF EXISTS `engineers_view`;
/*!50001 DROP VIEW IF EXISTS `engineers_view`*/;
SET @saved_cs_client     = @@character_set_client;
/*!50503 SET character_set_client = utf8mb4 */;
/*!50001 CREATE VIEW `engineers_view` AS SELECT 
 1 AS `login`,
 1 AS `type`,
 1 AS `name`*/;
SET character_set_client = @saved_cs_client;

--
-- Temporary view structure for view `main_view`
--

DROP TABLE IF EXISTS `main_view`;
/*!50001 DROP VIEW IF EXISTS `main_view`*/;
SET @saved_cs_client     = @@character_set_client;
/*!50503 SET character_set_client = utf8mb4 */;
/*!50001 CREATE VIEW `main_view` AS SELECT 
 1 AS `id`,
 1 AS `project name`,
 1 AS `pressmark`,
 1 AS `type`,
 1 AS `direction`,
 1 AS `PM`,
 1 AS `PA`,
 1 AS `PE`*/;
SET character_set_client = @saved_cs_client;

--
-- Temporary view structure for view `main_view_2`
--

DROP TABLE IF EXISTS `main_view_2`;
/*!50001 DROP VIEW IF EXISTS `main_view_2`*/;
SET @saved_cs_client     = @@character_set_client;
/*!50503 SET character_set_client = utf8mb4 */;
/*!50001 CREATE VIEW `main_view_2` AS SELECT 
 1 AS `project name`,
 1 AS `pressmark`,
 1 AS `type`,
 1 AS `direction`,
 1 AS `order`,
 1 AS `PM`,
 1 AS `PA`,
 1 AS `PE`*/;
SET character_set_client = @saved_cs_client;

--
-- Table structure for table `managers`
--

DROP TABLE IF EXISTS `managers`;
/*!40101 SET @saved_cs_client     = @@character_set_client */;
/*!50503 SET character_set_client = utf8mb4 */;
CREATE TABLE `managers` (
  `id` int(10) unsigned NOT NULL AUTO_INCREMENT,
  `login` varchar(8) COLLATE utf8mb4_general_ci NOT NULL,
  `first_name` varchar(30) COLLATE utf8mb4_general_ci NOT NULL,
  `last_name` varchar(30) COLLATE utf8mb4_general_ci NOT NULL,
  PRIMARY KEY (`id`),
  UNIQUE KEY `login` (`login`),
  KEY `managers_name_idx` (`login`)
) ENGINE=InnoDB AUTO_INCREMENT=31 DEFAULT CHARSET=utf8mb4 COLLATE=utf8mb4_general_ci;
/*!40101 SET character_set_client = @saved_cs_client */;

--
-- Dumping data for table `managers`
--

LOCK TABLES `managers` WRITE;
/*!40000 ALTER TABLE `managers` DISABLE KEYS */;
INSERT INTO `managers` VALUES (1,'recusand','Minnie','Muller'),(2,'vitae','Kory','Brown'),(3,'adipisci','Keyshawn','Bogisich'),(4,'est','Marianne','Kohler'),(5,'quos','Ezra','Beahan'),(6,'autem','Yazmin','Wisoky'),(7,'libero','Alexandrine','Davis'),(8,'voluptat','Joey','Prosacco'),(9,'ullam','Rosa','Heller'),(10,'iusto','Beverly','Murphy'),(11,'et','Isaiah','Crona'),(12,'dicta','Terence','Hauck'),(13,'fuga','Mckenzie','Kreiger'),(14,'sed','Stefan','Hermiston'),(15,'reprehen','Rhea','Wolff'),(16,'quod','Shania','Lowe'),(17,'sequi','Jaylin','Halvorson'),(18,'esse','Dante','Reinger'),(19,'cupidita','Zachery','Schultz'),(20,'praesent','Benedict','Block'),(21,'hic','Rafaela','Haley'),(22,'ut','Pinkie','Swift'),(23,'laborios','Rosalyn','Koepp'),(24,'dolorem','Carlotta','Schumm'),(25,'eos','Etha','Lang'),(26,'placeat','Sherman','Robel'),(27,'blanditi','Lloyd','Lind'),(28,'consequa','Corene','Hagenes'),(29,'rerum','Ahmad','Ritchie'),(30,'nihil','Marcus','Gislason');
/*!40000 ALTER TABLE `managers` ENABLE KEYS */;
UNLOCK TABLES;

--
-- Table structure for table `project_menegments`
--

DROP TABLE IF EXISTS `project_menegments`;
/*!40101 SET @saved_cs_client     = @@character_set_client */;
/*!50503 SET character_set_client = utf8mb4 */;
CREATE TABLE `project_menegments` (
  `projects_id` int(10) unsigned NOT NULL,
  `PM_id` int(10) unsigned NOT NULL,
  `PA_id` int(10) unsigned DEFAULT NULL,
  `PE_id` int(10) unsigned DEFAULT NULL,
  PRIMARY KEY (`projects_id`),
  KEY `project_managments_PM_id_fk` (`PM_id`),
  KEY `project_managments_PA_id_fk` (`PA_id`),
  KEY `project_managments_PI_id_fk` (`PE_id`),
  CONSTRAINT `project_managments_PA_id_fk` FOREIGN KEY (`PA_id`) REFERENCES `managers` (`id`) ON DELETE SET NULL,
  CONSTRAINT `project_managments_PI_id_fk` FOREIGN KEY (`PE_id`) REFERENCES `managers` (`id`) ON DELETE SET NULL,
  CONSTRAINT `project_managments_PM_id_fk` FOREIGN KEY (`PM_id`) REFERENCES `managers` (`id`),
  CONSTRAINT `project_managments_projects_id_fk` FOREIGN KEY (`projects_id`) REFERENCES `projects` (`id`) ON DELETE CASCADE
) ENGINE=InnoDB DEFAULT CHARSET=utf8mb4 COLLATE=utf8mb4_general_ci;
/*!40101 SET character_set_client = @saved_cs_client */;

--
-- Dumping data for table `project_menegments`
--

LOCK TABLES `project_menegments` WRITE;
/*!40000 ALTER TABLE `project_menegments` DISABLE KEYS */;
INSERT INTO `project_menegments` VALUES (1,10,28,10),(2,16,8,2),(3,13,2,7),(4,11,13,22),(5,17,21,10),(6,3,7,5),(7,29,10,24),(8,30,10,8),(9,21,2,15),(10,2,16,17),(11,5,30,16),(12,20,11,12),(13,6,11,6),(14,23,16,2),(15,9,24,13),(16,10,8,12),(17,7,21,8),(18,10,19,1),(19,2,2,28),(20,5,22,3),(21,8,8,29),(22,25,23,25),(23,16,30,11),(24,2,28,25),(25,12,15,14),(26,12,11,24),(27,21,21,25),(28,30,15,15),(29,16,14,4),(30,30,21,10),(31,23,30,2),(32,7,17,7),(33,6,21,11),(34,4,12,6),(35,19,11,29),(36,8,23,6),(37,30,2,21),(38,29,2,17),(39,30,1,21),(40,28,17,16),(41,15,12,5),(42,28,24,20),(43,13,2,18),(44,24,11,19),(45,8,14,28),(46,2,20,15),(47,12,27,27),(48,11,25,19),(49,23,17,27),(50,6,21,26),(51,14,2,26),(52,26,16,29),(53,24,26,30),(54,24,29,18),(55,19,1,27),(56,4,7,5),(57,17,20,28),(58,6,24,19),(59,29,10,12),(60,24,19,7),(61,20,2,26),(62,6,5,11),(63,26,25,3),(64,23,23,13),(65,25,8,2),(66,22,8,9),(67,15,12,17),(68,30,30,30),(69,8,12,17),(70,24,11,17),(71,29,18,18),(72,2,28,11),(73,29,16,7),(74,21,28,24),(75,7,1,29),(76,29,27,14),(77,16,27,23),(78,8,9,4),(79,29,17,22),(80,20,23,3),(81,24,3,19),(82,29,30,1),(83,2,1,16),(84,15,24,29),(85,20,4,21),(86,26,27,5),(87,23,18,27),(88,5,18,15),(89,4,23,7),(90,14,30,30),(91,24,1,8),(92,17,5,16),(93,9,19,14),(94,17,7,25),(95,26,3,14),(96,1,3,18),(97,24,23,28),(98,9,22,14),(99,5,17,15),(100,8,3,26);
/*!40000 ALTER TABLE `project_menegments` ENABLE KEYS */;
UNLOCK TABLES;

--
-- Table structure for table `projects`
--

DROP TABLE IF EXISTS `projects`;
/*!40101 SET @saved_cs_client     = @@character_set_client */;
/*!50503 SET character_set_client = utf8mb4 */;
CREATE TABLE `projects` (
  `id` int(10) unsigned NOT NULL AUTO_INCREMENT,
  `name` varchar(255) COLLATE utf8mb4_general_ci NOT NULL,
  `pressmark` varchar(30) COLLATE utf8mb4_general_ci NOT NULL,
  `projects_type_id` int(10) unsigned DEFAULT NULL,
  `directions_id` int(10) unsigned DEFAULT NULL,
  `statuses_id` int(10) unsigned NOT NULL,
  `start_day` date NOT NULL,
  `finish_day` date NOT NULL,
  `created_at` datetime DEFAULT CURRENT_TIMESTAMP,
  `updated_at` datetime DEFAULT CURRENT_TIMESTAMP ON UPDATE CURRENT_TIMESTAMP,
  PRIMARY KEY (`id`),
  UNIQUE KEY `pressmark` (`pressmark`),
  KEY `projects_projects_type_id_fk` (`projects_type_id`),
  KEY `projects_direction_id_fk` (`directions_id`),
  KEY `projects_statuses_id_fk` (`statuses_id`),
  CONSTRAINT `projects_direction_id_fk` FOREIGN KEY (`directions_id`) REFERENCES `directions` (`id`) ON DELETE SET NULL,
  CONSTRAINT `projects_projects_type_id_fk` FOREIGN KEY (`projects_type_id`) REFERENCES `projects_types` (`id`) ON DELETE SET NULL,
  CONSTRAINT `projects_statuses_id_fk` FOREIGN KEY (`statuses_id`) REFERENCES `statuses` (`id`)
) ENGINE=InnoDB AUTO_INCREMENT=101 DEFAULT CHARSET=utf8mb4 COLLATE=utf8mb4_general_ci;
/*!40101 SET character_set_client = @saved_cs_client */;

--
-- Dumping data for table `projects`
--

LOCK TABLES `projects` WRITE;
/*!40000 ALTER TABLE `projects` DISABLE KEYS */;
INSERT INTO `projects` VALUES (1,'Ut in qui ut quos est. Consequatur delectus dolor aliquam qui dolorum ut. Velit cupiditate autem officiis quis dolorem. Molestiae consequatur dolores est ut tempore expedita ad facere.','architecto',1,1,1,'1980-06-29','2002-07-06','1982-09-05 00:00:00','2020-01-10 00:25:22'),(2,'Praesentium laborum cum et. Doloribus perspiciatis sint beatae nihil. Et sint animi amet et. Explicabo suscipit voluptates sint nemo aspernatur repellendus.','sunt',2,2,2,'1996-06-05','2021-04-14','1996-06-05 00:00:00','2020-01-10 00:22:42'),(3,'Nostrum praesentium occaecati quia deserunt vel ipsa corporis. Nulla pariatur ut est fugiat neque earum vitae.','nihil',3,3,3,'1981-07-22','2007-07-02','1981-07-22 00:00:00','2020-01-10 00:22:42'),(4,'Maiores quam corrupti ea ut tempora. Consectetur excepturi magni maiores ut corporis. Qui magnam est unde quis perferendis consequatur. Veniam minima eius qui quia.','earum',4,4,4,'1986-11-06','2009-05-21','1986-11-06 00:00:00','2020-01-10 00:22:42'),(5,'Laborum perspiciatis quasi illum impedit laboriosam cum. Quibusdam ad est tempora repudiandae qui voluptatem. Ab non sit voluptates aut aliquid ut atque. Id occaecati quidem autem.','neque',5,5,5,'1972-06-15','2015-04-28','1972-06-15 00:00:00','2020-01-10 00:22:42'),(6,'Optio facilis aut excepturi non velit facere quos. Et occaecati repellendus in doloribus ducimus. Quod sapiente quisquam omnis.','autem',1,1,1,'1972-12-06','2017-03-04','1972-12-06 00:00:00','2020-01-10 00:22:42'),(7,'Asperiores necessitatibus perspiciatis aut dolor ratione omnis. Et qui minima asperiores sunt officia. Atque quas ut consequatur est iure.','facilis',2,2,2,'1987-08-17','2019-04-19','1987-08-17 00:00:00','2020-01-10 00:22:42'),(8,'Voluptatem sequi placeat ducimus et eum. Minima ut iste aspernatur ut nihil corporis ea laborum. Corrupti omnis ut quidem aspernatur odio modi.','et',3,3,3,'1975-04-30','2009-01-06','1975-04-30 00:00:00','2020-01-10 00:22:42'),(9,'Consequatur nam quisquam vero unde. Quis quia dolor omnis consequatur eum incidunt.\nSaepe repellendus quod et numquam qui. Laborum doloremque quasi ea soluta. Sit eligendi ut eum quo non aut.','in',4,4,4,'1983-04-09','2018-04-29','1976-02-08 03:42:38','2020-01-10 00:22:42'),(10,'Quisquam natus dolorem deleniti eligendi. Porro distinctio vel sed sunt recusandae voluptatibus omnis. Laudantium dolor nam quia itaque rem voluptate.','qui',5,5,5,'1970-07-02','2004-10-14','1970-07-02 00:00:00','2020-01-10 00:22:42'),(11,'Maxime dolor vel laudantium aliquid totam in tenetur. Architecto omnis ipsum inventore sunt ad. Voluptates alias repellendus nisi eum.','quasi',1,1,1,'1984-11-28','2008-11-18','1984-11-28 00:00:00','2020-01-10 00:22:42'),(12,'Inventore enim sit inventore aut consectetur. Voluptatem esse recusandae commodi qui ab velit. Voluptas aspernatur rerum quo maiores dolor fuga. Vel porro consectetur fuga et omnis vel et.','est',2,2,2,'1984-03-11','2003-06-22','1984-03-11 00:00:00','2020-01-10 00:22:42'),(13,'Est enim rerum nihil sed. Porro velit mollitia delectus ut. Impedit dolorem non et aut. Sed cumque veniam nesciunt.','veniam',3,3,3,'1972-12-13','2017-06-17','1972-12-13 00:00:00','2020-01-10 00:22:42'),(14,'Corporis laudantium deleniti vitae molestias adipisci rerum voluptates autem. Aut iste numquam exercitationem quas commodi possimus eum. Dicta quidem reiciendis repellendus odit asperiores.','laboriosam',4,4,4,'1979-03-17','2006-10-30','1977-02-15 09:26:23','2020-01-10 00:22:42'),(15,'Exercitationem vero voluptatibus debitis quidem est. Qui sint eveniet aspernatur nam eos et. Non molestiae ipsam commodi reiciendis.','aut',5,5,5,'1979-05-13','2003-11-21','1979-05-13 00:00:00','2020-01-10 00:22:42'),(16,'Quis ratione quia et. Blanditiis magnam magni libero autem. Ex ab natus et et dolore. Voluptatem magni nihil quas ullam libero non.','laudantium',1,1,1,'1978-03-21','2005-01-21','1978-03-21 00:00:00','2020-01-10 00:22:42'),(17,'Molestiae tempora eos temporibus voluptas architecto iusto repellendus. Rerum tenetur veniam in beatae. Vel sequi perferendis ratione iusto molestias. Porro ea est molestiae explicabo.','deleniti',2,2,2,'1972-03-07','2021-04-14','1972-03-07 00:00:00','2020-01-10 00:22:42'),(18,'Laborum nobis architecto nemo quo ut. Veritatis voluptatem ratione ut velit possimus. Quia sapiente occaecati nihil velit nihil iste deserunt tenetur.','molestiae',3,3,3,'1980-05-16','2006-04-30','1980-05-16 00:00:00','2020-01-10 00:22:42'),(19,'Quia officia eos ipsam laboriosam perspiciatis. Fugiat esse nam ut rerum quaerat aliquid sint. Quia nam libero odio adipisci quasi perferendis.','beatae',4,4,4,'1979-09-15','2004-05-10','1977-03-25 03:45:34','2020-01-10 00:22:42'),(20,'Molestiae consectetur ut aperiam. Quis nostrum quo eum. Ratione laborum doloremque quo omnis fugit quo. Rerum voluptatibus atque et fugit harum in explicabo.','explicabo',5,5,5,'1973-10-23','2019-12-21','1973-10-23 00:00:00','2020-01-10 00:22:42'),(21,'Nobis quidem nam est. Rem aut autem aspernatur odit. Maiores non hic voluptatibus aut laboriosam. Repudiandae nobis enim quia deleniti voluptas provident quo.','at',1,1,1,'1987-11-16','2012-12-17','1970-07-23 12:51:44','2020-01-10 00:22:42'),(22,'Architecto cum ut non. Id blanditiis quo est ut repellat. Id dolores non deserunt temporibus quod.','eaque',2,2,2,'1973-11-16','2019-06-09','1973-11-16 00:00:00','2020-01-10 00:22:42'),(23,'Et beatae ipsum ut odio. Amet hic ullam ea. Illum aliquam dolor qui nemo. Beatae odit porro qui vero dicta quia ullam cum.','esse',3,3,3,'1979-12-09','2018-10-10','1979-12-09 00:00:00','2020-01-10 00:22:42'),(24,'Rem saepe laborum repellat ea molestiae. Sed eos ut dolore sed provident similique. Qui commodi asperiores sint placeat ipsa omnis dolorem. Ducimus iste dolorem in eos magni ut molestiae.','optio',4,4,4,'1988-10-13','2005-03-22','1988-10-13 00:00:00','2020-01-10 00:22:42'),(25,'Vel repudiandae enim officiis vel placeat non. Qui sapiente omnis saepe temporibus et in. Assumenda cumque voluptatem fugiat veritatis perferendis. Nam est laboriosam aut minima nostrum.','ad',5,5,5,'1994-06-22','2017-05-06','1994-06-22 00:00:00','2020-01-10 00:22:42'),(26,'Quaerat sapiente officia dignissimos laborum. Veniam occaecati consequatur commodi magni.','eveniet',1,1,1,'2005-04-23','2018-01-26','1977-11-18 01:46:32','2020-01-10 00:22:42'),(27,'Consequatur nisi iste sequi et et impedit debitis consequuntur. Sit ut aut modi ad quisquam odio. Eos et est omnis.\nEos et consequatur vel. Nobis ipsum perferendis totam nemo optio ut sequi.','corrupti',2,2,2,'1971-07-15','2010-07-01','1971-07-15 00:00:00','2020-01-10 00:22:42'),(28,'Magnam quidem sit aperiam debitis minima qui. Dolores voluptas eveniet dolores eos et. Architecto dicta autem minima quas ut nihil.','quisquam',3,3,3,'1972-08-06','2013-10-19','1972-08-06 00:00:00','2020-01-10 00:22:42'),(29,'Nemo facere amet ex expedita dolorem. Quibusdam vitae sit unde ex voluptas reprehenderit. Quisquam in nesciunt ullam.','quas',4,4,4,'1975-08-19','2008-08-09','1975-08-19 00:00:00','2020-01-10 00:22:42'),(30,'Libero assumenda et officiis voluptatem nihil perferendis. Enim rem officiis ipsa voluptas.','praesentium',5,5,5,'1978-09-25','2017-07-13','1978-09-25 00:00:00','2020-01-10 00:22:42'),(31,'Velit asperiores quibusdam molestiae eos. Voluptas nobis dolorum et dolorem assumenda. Corporis quidem et est ipsum et recusandae.','sit',1,1,1,'1975-09-03','2017-04-15','1970-03-01 15:41:24','2020-01-10 00:22:42'),(32,'Ea dolorem sapiente eum tempore voluptatem inventore aut. Dolorem omnis numquam in libero eos labore. Labore in exercitationem dolorem et sit et. Libero occaecati autem alias maiores maiores enim.','quia',2,2,2,'1981-03-01','2008-06-06','1976-07-24 22:20:15','2020-01-10 00:22:42'),(33,'Nemo vel perferendis eligendi ullam praesentium. Earum ut sunt possimus eos ex praesentium mollitia. Ad ex adipisci doloremque beatae. Error omnis quisquam et voluptas.','odit',3,3,3,'1970-04-05','2005-12-17','1970-04-05 00:00:00','2020-01-10 00:22:42'),(34,'Quis vel nesciunt praesentium et. Numquam sint officiis voluptatum cum eveniet omnis occaecati. Et placeat fugit vel quod. Exercitationem quidem optio possimus exercitationem ullam.','consequuntur',4,4,4,'1975-08-04','2012-12-20','1975-08-04 00:00:00','2020-01-10 00:22:42'),(35,'Voluptates in delectus quia odit dolores laudantium. Ut soluta illum necessitatibus sed et dolorem eveniet. Facilis dicta incidunt sequi vel voluptatem aut quia.','ducimus',5,5,5,'1992-07-13','2021-06-21','1989-01-31 00:21:37','2020-01-10 00:22:42'),(36,'Necessitatibus voluptatem voluptates excepturi veritatis tempora voluptatem minus expedita. Explicabo occaecati quis expedita ducimus. Aliquid qui inventore consequatur est tempore.','ut',1,1,1,'1987-10-22','2018-07-05','1984-06-02 06:32:27','2020-01-10 00:22:42'),(37,'Ipsum officia ducimus voluptatem architecto sit. Autem iusto distinctio aut quis. Voluptatem nihil repudiandae dicta repellendus possimus blanditiis sunt.','eum',2,2,2,'1974-10-27','2013-10-16','1974-10-27 00:00:00','2020-01-10 00:22:42'),(38,'Id amet delectus delectus soluta. Deserunt quae voluptatibus occaecati perspiciatis expedita sed.','sequi',3,3,3,'1974-08-28','2016-06-07','1974-08-28 00:00:00','2020-01-10 00:22:42'),(39,'Temporibus ducimus ut voluptatibus suscipit aut exercitationem at. Ducimus et inventore voluptatem eos. Quo cumque maiores aut illum id.','iure',4,4,4,'1977-10-05','1994-02-15','1977-10-05 00:00:00','2020-01-10 00:22:42'),(40,'Praesentium blanditiis ipsum aut maiores dolores. Cum tenetur voluptas autem. Ad dolorem id unde dolores illum qui distinctio. Similique dolor possimus doloribus ipsum facere quia facere.','voluptatem',5,5,5,'1973-04-22','2011-12-22','1973-04-22 00:00:00','2020-01-10 00:22:42'),(41,'Iste aut autem veritatis in illo. Accusantium eveniet enim dolorem molestias aut velit. Quae consequatur quos rerum nisi asperiores.','sint',1,1,1,'1975-05-02','2016-01-05','1975-05-02 00:00:00','2020-01-10 00:22:42'),(42,'Error debitis reiciendis corporis consectetur aspernatur. Occaecati facere et non at quae quibusdam sunt odio. Vel sunt nesciunt corporis deserunt molestiae dolorem.','velit',2,2,2,'1971-05-04','1998-07-19','1971-05-04 00:00:00','2020-01-10 00:22:42'),(43,'Voluptatem modi pariatur praesentium tenetur qui vitae similique qui. Quia repellat a blanditiis nostrum aut tempora. Veritatis dolore ut porro eius dolore ut perspiciatis ullam.','ex',3,3,3,'1986-08-27','2019-01-26','1986-08-27 00:00:00','2020-01-10 00:22:42'),(44,'Quia quis est vero aut nihil recusandae. A iure sint quia minus. Repellendus sequi hic eum accusantium ea sint omnis.','vel',4,4,4,'1976-07-25','1993-01-23','1974-02-08 03:52:22','2020-01-10 00:22:42'),(45,'Voluptas non adipisci est porro aspernatur non explicabo. Dolores inventore est vero autem delectus. Sunt nihil molestias non. Reprehenderit non ut iure quibusdam distinctio sit quos ex.','accusamus',5,5,5,'1975-01-03','2003-07-05','1975-01-03 00:00:00','2020-01-10 00:22:42'),(46,'Eos vel illo quod dolorum odio illum sit. Molestiae vel minus consectetur ut numquam modi quaerat. Est architecto omnis ipsum temporibus consequatur expedita.','dignissimos',1,1,1,'1987-10-29','2019-08-29','1987-10-29 00:00:00','2020-01-10 00:22:42'),(47,'Repellat sint quaerat et omnis nam libero. Dolore itaque laborum saepe ut omnis non dicta. Temporibus quis in rerum unde repellat repellat.','sed',2,2,2,'1973-01-10','2011-08-24','1973-01-10 00:00:00','2020-01-10 00:22:42'),(48,'Facere eos numquam recusandae ex voluptas tempore temporibus. Blanditiis in dolorem facere rerum aut. Error cumque dolores vel non repellat dignissimos sint. Sapiente voluptas natus iste minima.','nobis',3,3,3,'1974-01-22','2012-04-21','1974-01-22 00:00:00','2020-01-10 00:22:42'),(49,'Rem et qui qui commodi ut ducimus et quod. Et sequi quos impedit dolorum labore deserunt. Sit suscipit porro neque possimus adipisci sed iure veniam. Nostrum quis omnis neque quisquam non.','enim',4,4,4,'1986-09-03','2020-09-09','1986-09-03 00:00:00','2020-01-10 00:22:42'),(50,'Nemo accusamus facilis totam. Voluptas et asperiores aspernatur beatae. Harum velit esse sequi nesciunt.','ullam',5,5,5,'1988-04-10','2011-09-19','1976-10-24 22:28:02','2020-01-10 00:22:42'),(51,'Ipsa doloremque voluptatum provident facilis. In autem ut et temporibus. Sit sequi molestias architecto et recusandae. Possimus aliquid molestiae sed assumenda voluptas qui.','consequatur',1,1,1,'1980-02-08','2016-01-12','1980-02-08 00:00:00','2020-01-10 00:22:42'),(52,'Hic unde molestiae reiciendis quis eum autem. Rerum facilis quis quo pariatur illum. Eveniet beatae deserunt veniam itaque.','aliquam',2,2,2,'1977-05-10','2015-06-09','1973-11-15 21:14:48','2020-01-10 00:22:42'),(53,'Expedita officiis neque explicabo et nulla id. Beatae quas quasi quaerat consequuntur provident. Fugit modi eos vitae modi incidunt.','similique',3,3,3,'1973-06-21','2020-01-25','1973-06-21 00:00:00','2020-01-10 00:22:42'),(54,'Et odio voluptatem qui velit. Eius architecto esse reprehenderit ipsam itaque. Quia est laborum quae et eum maiores animi. Quo est minus expedita in.','doloribus',4,4,4,'1987-03-30','2016-01-30','1987-03-30 00:00:00','2020-01-10 00:22:42'),(55,'Sit sapiente et est at. Eius qui aut excepturi in recusandae rerum ea.\nAut necessitatibus ut autem adipisci. Debitis ab necessitatibus vel molestiae. Molestias ullam nemo tempora ducimus nobis harum.','dolorum',5,5,5,'1978-05-19','2021-04-05','1978-05-19 00:00:00','2020-01-10 00:22:42'),(56,'Laborum facilis minus esse ipsum blanditiis recusandae et. Velit facere accusantium perspiciatis error quas omnis rem. Alias magnam deleniti molestias tenetur minus. Aspernatur et aliquam possimus.','maiores',1,1,1,'1982-12-18','2012-01-10','1982-12-18 00:00:00','2020-01-10 00:22:42'),(57,'Dolorem explicabo ea aut debitis ex. Labore rerum repellendus doloribus. Similique non praesentium incidunt molestias et aut. Omnis quae eum nesciunt est voluptas.','molestias',2,2,2,'1974-08-02','2013-11-03','1974-08-02 00:00:00','2020-01-10 00:22:42'),(58,'Magni saepe rerum quisquam laboriosam illum totam. Aperiam quo eius quia accusamus ipsam unde. Non vel odio quaerat.','nam',3,3,3,'1984-03-28','2017-05-20','1984-03-28 00:00:00','2020-01-10 00:22:42'),(59,'Dolorem itaque neque quae quo. Consectetur autem et et aut ab qui. Dolores explicabo sit rerum autem. Sit quaerat hic velit sunt saepe.','libero',4,4,4,'1993-09-25','2019-01-15','1970-04-20 17:42:14','2020-01-10 00:22:42'),(60,'Voluptatem porro voluptatem ut ut aspernatur voluptatibus. Officia magni in velit rerum. Quia quidem voluptas quisquam in assumenda voluptatibus. Voluptatem beatae quae a et.','voluptas',5,5,5,'1971-01-26','1999-03-10','1971-01-26 00:00:00','2020-01-10 00:22:42'),(61,'Repellat et ipsam et velit. Quos aspernatur corporis nisi. Quis explicabo quam id sequi iure. Id vel dolorem quam sit inventore cumque.','unde',1,1,1,'1977-04-19','2018-01-28','1977-04-19 00:00:00','2020-01-10 00:22:42'),(62,'Voluptas nam ducimus beatae quis. Nobis ullam odit accusantium et eum commodi. Tempora deserunt est beatae.','inventore',2,2,2,'2001-01-15','2017-07-25','1997-09-02 04:32:03','2020-01-10 00:22:42'),(63,'Porro sit qui vel sed minima minima. Inventore cupiditate tempore voluptatem sit ut in ut. Debitis ab accusantium incidunt ut.','quis',3,3,3,'1975-04-12','2022-05-04','1975-04-12 00:00:00','2020-01-10 00:22:42'),(64,'Rerum voluptatum voluptatem fugiat et quo. Atque sapiente laboriosam vel vel molestias. Molestiae adipisci asperiores dolores. Incidunt sint quam velit ut libero quia cupiditate.','dolores',4,4,4,'1975-05-17','2011-12-06','1975-05-17 00:00:00','2020-01-10 00:22:42'),(65,'Corrupti in itaque aut. Accusantium nemo sit omnis occaecati. Sed ea non atque sint aliquid. Sint aspernatur laboriosam quidem voluptatibus.','quo',5,5,5,'1984-03-24','2012-02-12','1984-03-24 00:00:00','2020-01-10 00:22:42'),(66,'Natus sunt rem totam incidunt rerum qui molestias. Dolores non deserunt consectetur eaque. Quidem reprehenderit sed autem eum sed omnis qui.','quae',1,1,1,'1974-04-28','2020-07-28','1973-05-18 02:02:06','2020-01-10 00:22:42'),(67,'Mollitia cum sapiente omnis incidunt. Pariatur occaecati aspernatur ut modi necessitatibus distinctio aut distinctio. Labore alias animi distinctio fugit odio architecto.','adipisci',2,2,2,'1973-07-08','2002-11-25','1973-07-08 00:00:00','2020-01-10 00:22:42'),(68,'Harum doloribus fugit modi. Optio natus saepe est hic mollitia alias. Dolor repellendus voluptatem voluptatem tempora aut dicta.','sapiente',3,3,3,'1971-07-09','1987-11-04','1971-07-09 00:00:00','2020-01-10 00:22:42'),(69,'Molestiae sed et incidunt sed ea eum omnis. Nemo culpa amet voluptatem consectetur. Deleniti iste omnis velit et quia voluptates. Ut consequatur impedit voluptatem exercitationem.','non',4,4,4,'1978-11-19','2020-07-06','1978-11-19 00:00:00','2020-01-10 00:22:42'),(70,'Et cum cum nesciunt ullam aut. Dolores qui similique aperiam dolores. Dolorum vitae nulla et quo. Consectetur commodi fugiat ut consequatur.','possimus',5,5,5,'1972-11-28','2018-07-13','1972-11-28 00:00:00','2020-01-10 00:22:42'),(71,'Laudantium fugiat impedit eius beatae. Ullam dolores maxime est illum qui omnis. Vel delectus quibusdam ut et. Ea et quia dolorum sed.','hic',1,1,1,'1973-09-07','2008-05-25','1973-09-07 00:00:00','2020-01-10 00:22:42'),(72,'Sint dicta voluptates qui nobis. Et sequi dolorem numquam nulla quis non.','maxime',2,2,2,'1976-04-12','2020-07-02','1976-04-12 00:00:00','2020-01-10 00:22:42'),(73,'Eius similique aut ullam illum assumenda voluptatem provident. Sed soluta qui et est dolores repellendus. Odio ex deserunt qui.','atque',3,3,3,'1974-02-06','2017-05-22','1974-02-06 00:00:00','2020-01-10 00:22:42'),(74,'Et dolor dolorem dicta libero impedit. Doloribus similique laboriosam non officiis omnis recusandae. Sunt at et earum quasi. Repellendus porro reprehenderit voluptas quia accusantium.','impedit',4,4,4,'1982-03-05','2010-09-12','1970-06-29 04:08:14','2020-01-10 00:22:42'),(75,'Et veniam ut voluptas officia reiciendis. Enim dolorem sequi et consequuntur culpa. Cumque omnis et consequatur. Beatae suscipit quisquam vel eaque.','itaque',5,5,5,'1973-01-22','2016-08-08','1973-01-22 00:00:00','2020-01-10 00:22:42'),(76,'Officia beatae est consequatur ut veritatis asperiores ut. Ut est quasi est. Vitae magni expedita fuga id id ex sapiente.','voluptate',1,1,1,'1983-07-01','2010-01-11','1983-07-01 00:00:00','2020-01-10 00:22:42'),(77,'Dolore est non officiis at non maiores nisi similique. Ut atque quos voluptatibus nemo. Nam consequatur quidem pariatur odio libero sed sint molestiae.','repellendus',2,2,2,'1981-10-16','2011-04-18','1981-10-16 00:00:00','2020-01-10 00:22:42'),(78,'Ipsum voluptas quibusdam aliquam sapiente enim vel impedit. Nobis debitis ullam voluptatem aliquam quod sit atque. Sit tenetur ad est rem.','rerum',3,3,3,'1974-08-16','2000-04-09','1974-08-16 00:00:00','2020-01-10 00:22:42'),(79,'Asperiores perferendis incidunt corporis. Aut dolore architecto eveniet. Natus velit quas incidunt nulla voluptas vel rerum vero.','consectetur',4,4,4,'1976-07-03','2015-04-21','1971-03-16 14:04:49','2020-01-10 00:22:42'),(80,'Consequatur unde assumenda doloribus et et illum possimus vitae. Iure vel autem et est modi qui.\nAutem consequatur et consectetur tenetur. Sunt molestiae et quam quae.','ipsam',5,5,5,'1972-01-06','2012-12-24','1971-08-14 09:56:42','2020-01-10 00:22:42'),(81,'Totam amet fugiat ut voluptatem. Dolor quasi voluptatem enim. Earum molestias aut cum nostrum quam aliquam.','quibusdam',1,1,1,'1970-07-14','2011-08-23','1970-07-14 00:00:00','2020-01-10 00:22:42'),(82,'Impedit ea animi debitis voluptatem. Id aut ipsam molestiae corporis.\nNumquam eum dolorem quia rem cum. Eius quia ut cumque consectetur. Temporibus error non laboriosam maiores.','aspernatur',2,2,2,'1984-01-12','2014-03-17','1981-05-14 09:53:37','2020-01-10 00:22:42'),(83,'Enim quasi sunt velit sint in. Officiis quia et fuga veritatis minima deserunt cum. Velit et dignissimos velit ipsa dolore sunt sed. Sequi beatae distinctio qui molestiae.','accusantium',3,3,3,'1973-02-19','1998-04-29','1973-02-19 00:00:00','2020-01-10 00:22:42'),(84,'Eaque explicabo possimus sunt facilis eius ipsam sit. Et corporis impedit qui in. Consequuntur illum molestiae deleniti vero omnis deleniti.','totam',4,4,4,'1972-09-16','2021-09-28','1971-12-21 05:19:57','2020-01-10 00:22:42'),(85,'Enim aliquam voluptas est iure. Eum cum consequatur et neque. Labore nihil necessitatibus illo minus mollitia. Libero id rerum porro voluptatem.','dolorem',5,5,5,'1988-09-16','2015-02-12','1988-09-16 00:00:00','2020-01-10 00:22:42'),(86,'Beatae assumenda consequatur id distinctio eum occaecati. Consequatur optio dolorem id id aut cum. Veritatis aut voluptas nihil delectus sit.','perferendis',1,1,1,'1992-04-26','2013-03-07','1970-02-09 14:21:03','2020-01-10 00:22:42'),(87,'Reiciendis velit repellat ut. In magni voluptatem saepe esse dolorum. Voluptatum est iste repellat et nobis magni.','rem',2,2,2,'1971-08-05','2010-10-22','1971-08-05 00:00:00','2020-01-10 00:22:42'),(88,'Officia exercitationem quo et. Animi ut et et inventore corrupti ut. Repellendus voluptatibus recusandae corrupti voluptates ratione.','dolor',3,3,3,'1992-11-27','2012-01-26','1973-06-19 01:08:18','2020-01-10 00:22:42'),(89,'Omnis quam explicabo explicabo aut aut fugit. Labore iusto expedita numquam fugit. Accusamus molestiae cumque corporis odio.','illo',4,4,4,'1990-11-27','2020-01-21','1990-11-27 00:00:00','2020-01-10 00:22:42'),(90,'Ex omnis quibusdam vero quae inventore quas. Maxime a at ex voluptatem et. Fugit magnam eligendi temporibus fugiat qui. Sint omnis sint eum id.','id',5,5,5,'1970-08-09','2022-01-22','1970-08-09 00:00:00','2020-01-10 00:22:42'),(91,'Ut ad alias consequatur esse explicabo sunt. Autem porro delectus et consequuntur voluptatum cupiditate et.','vero',1,1,1,'1988-01-03','2021-10-26','1970-03-31 12:12:58','2020-01-10 00:22:42'),(92,'Illum voluptatum omnis dolor in dignissimos voluptatem et non. Sit nostrum assumenda unde animi consequatur magnam. Rerum consequatur iure ut omnis debitis. Veritatis et sunt sunt aspernatur.','commodi',2,2,2,'1992-07-07','2015-10-25','1992-07-07 00:00:00','2020-01-10 00:22:42'),(93,'Omnis totam aut qui sit. Praesentium consequatur ducimus deleniti earum tempore error et repellendus. Eaque inventore mollitia tempora assumenda.','provident',3,3,3,'1972-07-25','2010-12-11','1972-07-25 00:00:00','2020-01-10 00:22:42'),(94,'Aut modi aliquid aperiam qui est. Illum omnis quia et est excepturi cupiditate. Et ut cupiditate aut exercitationem sint. Hic inventore velit nihil voluptas.','porro',4,4,4,'1975-03-08','2014-05-24','1975-03-08 00:00:00','2020-01-10 00:22:42'),(95,'Aut nam numquam aliquam. Aperiam magni nesciunt iusto pariatur rerum nesciunt. Adipisci fuga dolorem occaecati eveniet deserunt commodi tempore id.','eos',5,5,5,'1973-03-27','2011-08-04','1973-03-27 00:00:00','2020-01-10 00:22:42'),(96,'Consequuntur mollitia odit et. Quia mollitia commodi magni eos omnis beatae alias.','blanditiis',1,1,1,'1984-03-10','2016-11-24','1984-03-10 00:00:00','2020-01-10 00:22:42'),(97,'At et nobis non repellendus consequatur. Ut quasi cum et nisi. Tempora cumque et vero.','deserunt',2,2,2,'1974-10-28','2019-09-11','1974-10-03 23:44:47','2020-01-10 00:22:42'),(98,'Dolorem minus ut mollitia non eum. Tempore est aliquam placeat voluptatum libero laborum accusantium. Aut expedita molestias omnis culpa commodi iste.','quidem',3,3,3,'1988-11-27','2018-11-21','1972-06-27 22:17:10','2020-01-10 00:22:42'),(99,'Dolorem ut sunt quam labore. Excepturi dolorem quisquam ut est. Rerum quia nesciunt dolore ex totam aut nulla. Consequatur sunt qui aliquam quibusdam molestiae exercitationem neque quo.','ipsa',4,4,4,'2000-07-11','2020-12-26','1981-05-10 22:47:26','2020-01-10 00:22:42'),(100,'Adipisci cupiditate hic voluptatem labore dolor temporibus quia. Voluptas animi aut qui saepe et ut saepe.','repellat',5,5,5,'1985-03-02','2020-12-09','1985-03-02 00:00:00','2020-01-10 00:22:42');
/*!40000 ALTER TABLE `projects` ENABLE KEYS */;
UNLOCK TABLES;

--
-- Table structure for table `projects_types`
--

DROP TABLE IF EXISTS `projects_types`;
/*!40101 SET @saved_cs_client     = @@character_set_client */;
/*!50503 SET character_set_client = utf8mb4 */;
CREATE TABLE `projects_types` (
  `id` int(10) unsigned NOT NULL AUTO_INCREMENT,
  `name` varchar(150) COLLATE utf8mb4_general_ci NOT NULL,
  PRIMARY KEY (`id`),
  UNIQUE KEY `name` (`name`),
  KEY `projects_types_name_idx` (`name`)
) ENGINE=InnoDB AUTO_INCREMENT=6 DEFAULT CHARSET=utf8mb4 COLLATE=utf8mb4_general_ci;
/*!40101 SET character_set_client = @saved_cs_client */;

--
-- Dumping data for table `projects_types`
--

LOCK TABLES `projects_types` WRITE;
/*!40000 ALTER TABLE `projects_types` DISABLE KEYS */;
INSERT INTO `projects_types` VALUES (4,' ЗН'),(2,' Поставка'),(1,' Продажа'),(3,' Ремонт'),(5,'ОКР');
/*!40000 ALTER TABLE `projects_types` ENABLE KEYS */;
UNLOCK TABLES;

--
-- Table structure for table `stages`
--

DROP TABLE IF EXISTS `stages`;
/*!40101 SET @saved_cs_client     = @@character_set_client */;
/*!50503 SET character_set_client = utf8mb4 */;
CREATE TABLE `stages` (
  `id` int(10) unsigned NOT NULL AUTO_INCREMENT,
  `projects_id` int(10) unsigned NOT NULL,
  `name` varchar(255) COLLATE utf8mb4_general_ci NOT NULL,
  `statuses_id` int(10) unsigned NOT NULL,
  `start_day` date NOT NULL,
  `finish_day` date NOT NULL,
  `created_at` datetime DEFAULT CURRENT_TIMESTAMP,
  `updated_at` datetime DEFAULT CURRENT_TIMESTAMP ON UPDATE CURRENT_TIMESTAMP,
  PRIMARY KEY (`id`,`projects_id`),
  KEY `stages_projects_id_fk` (`projects_id`),
  KEY `stages_statuses_id_fk` (`statuses_id`),
  CONSTRAINT `stages_projects_id_fk` FOREIGN KEY (`projects_id`) REFERENCES `projects` (`id`) ON DELETE CASCADE,
  CONSTRAINT `stages_statuses_id_fk` FOREIGN KEY (`statuses_id`) REFERENCES `statuses` (`id`)
) ENGINE=InnoDB AUTO_INCREMENT=501 DEFAULT CHARSET=utf8mb4 COLLATE=utf8mb4_general_ci;
/*!40101 SET character_set_client = @saved_cs_client */;

--
-- Dumping data for table `stages`
--

LOCK TABLES `stages` WRITE;
/*!40000 ALTER TABLE `stages` DISABLE KEYS */;
INSERT INTO `stages` VALUES (1,1,'voluptas',1,'1986-06-29','1999-06-29','1991-03-28 17:30:27','2020-01-10 00:25:14'),(2,2,'in',2,'1996-06-05','1997-06-05','1973-01-14 18:03:31','2020-01-10 00:22:42'),(3,3,'eum',3,'1986-01-31','1989-01-31','1986-01-31 00:00:00','2020-01-10 00:22:42'),(4,4,'et',4,'1992-11-18','1994-11-18','1981-02-17 20:29:23','2020-01-10 00:22:42'),(5,5,'sed',5,'2014-04-28','2015-04-28','1985-07-13 14:15:50','2020-01-10 00:22:42'),(6,6,'soluta',1,'1972-12-06','1974-12-06','1972-12-06 00:00:00','2020-01-10 00:22:42'),(7,7,'maiores',2,'2011-03-09','2013-03-09','1978-07-12 23:47:32','2020-01-10 00:22:42'),(8,8,'qui',3,'2006-02-18','2008-02-18','1988-12-28 19:26:26','2020-01-10 00:22:42'),(9,9,'aspernatur',4,'2010-12-13','2011-12-13','1975-11-18 16:33:00','2020-01-10 00:22:42'),(10,10,'ipsa',5,'1990-03-21','1991-03-21','1990-03-21 00:00:00','2020-01-10 00:22:42'),(11,11,'blanditiis',1,'1986-04-01','1987-04-01','1986-04-01 00:00:00','2020-01-10 00:22:42'),(12,12,'ut',2,'1987-06-22','1988-06-22','1984-01-08 23:29:45','2020-01-10 00:22:42'),(13,13,'expedita',3,'2015-06-17','2017-06-17','1977-11-09 06:11:23','2020-01-10 00:22:42'),(14,14,'sit',4,'1979-03-17','1981-03-17','1979-03-17 00:00:00','2020-01-10 00:22:42'),(15,15,'quia',5,'1988-04-02','1990-04-02','1988-04-02 00:00:00','2020-01-10 00:22:42'),(16,16,'ut',1,'1999-08-11','2000-08-11','1980-05-23 17:06:23','2020-01-10 00:22:42'),(17,17,'neque',2,'2018-04-14','2021-04-14','1998-11-24 19:17:43','2020-01-10 00:22:42'),(18,18,'voluptatem',3,'2005-04-30','2006-04-30','1994-03-23 00:12:22','2020-01-10 00:22:42'),(19,19,'quae',4,'1984-03-02','1987-03-02','1984-03-02 00:00:00','2020-01-10 00:22:42'),(20,20,'qui',5,'1996-11-14','1997-11-14','1996-11-14 00:00:00','2020-01-10 00:22:42'),(21,21,'exercitationem',1,'2003-12-25','2005-12-25','2003-12-25 00:00:00','2020-01-10 00:22:42'),(22,22,'in',2,'2000-12-01','2003-12-01','1995-12-04 20:38:58','2020-01-10 00:22:42'),(23,23,'et',3,'1983-03-10','1986-03-10','1970-04-20 18:04:46','2020-01-10 00:22:42'),(24,24,'et',4,'1998-10-17','1999-10-17','1991-01-30 05:03:16','2020-01-10 00:22:42'),(25,25,'ipsum',5,'2016-05-06','2017-05-06','2001-06-13 12:36:50','2020-01-10 00:22:42'),(26,26,'voluptatibus',1,'2011-10-22','2012-10-22','1977-10-13 08:08:01','2020-01-10 00:22:42'),(27,27,'optio',2,'1971-07-15','1973-07-15','1971-07-15 00:00:00','2020-01-10 00:22:42'),(28,28,'est',3,'2002-05-12','2003-05-12','1975-11-29 01:35:37','2020-01-10 00:22:42'),(29,29,'iure',4,'1990-12-25','1992-12-25','1990-12-25 00:00:00','2020-01-10 00:22:42'),(30,30,'eum',5,'1994-12-04','1997-12-04','1978-09-22 14:10:51','2020-01-10 00:22:42'),(31,31,'aliquam',1,'1991-05-03','1993-05-03','1979-07-30 08:51:06','2020-01-10 00:22:42'),(32,32,'dolore',2,'1981-03-01','1982-03-01','1981-03-01 00:00:00','2020-01-10 00:22:42'),(33,33,'facere',3,'2003-12-17','2005-12-17','2000-02-07 05:57:28','2020-01-10 00:22:42'),(34,34,'architecto',4,'1997-04-13','2000-04-13','1997-04-13 00:00:00','2020-01-10 00:22:42'),(35,35,'delectus',5,'2010-06-01','2013-06-01','1990-12-14 15:46:10','2020-01-10 00:22:42'),(36,36,'facere',1,'2015-01-13','2016-01-13','2011-01-26 18:12:54','2020-01-10 00:22:42'),(37,37,'aut',2,'2005-08-31','2007-08-31','1983-08-14 04:04:44','2020-01-10 00:22:42'),(38,38,'consequatur',3,'2014-06-07','2016-06-07','2012-04-14 06:05:29','2020-01-10 00:22:42'),(39,39,'id',4,'1986-12-24','1988-12-24','1976-02-04 21:45:24','2020-01-10 00:22:42'),(40,40,'illum',5,'1993-11-06','1996-11-06','1993-11-06 00:00:00','2020-01-10 00:22:42'),(41,41,'voluptatem',1,'2013-01-05','2016-01-05','2013-01-05 00:00:00','2020-01-10 00:22:42'),(42,42,'deserunt',2,'1987-10-04','1989-10-04','1987-10-04 00:00:00','2020-01-10 00:22:42'),(43,43,'consequatur',3,'1986-08-27','1988-08-27','1986-08-27 00:00:00','2020-01-10 00:22:42'),(44,44,'delectus',4,'1976-07-25','1978-07-25','1976-07-25 00:00:00','2020-01-10 00:22:42'),(45,45,'modi',5,'1984-06-03','1986-06-03','1984-06-03 00:00:00','2020-01-10 00:22:42'),(46,46,'aut',1,'1987-10-29','1989-10-29','1987-10-29 00:00:00','2020-01-10 00:22:42'),(47,47,'dolores',2,'1995-06-27','1997-06-27','1995-06-27 00:00:00','2020-01-10 00:22:42'),(48,48,'omnis',3,'1989-12-29','1991-12-29','1972-12-03 11:04:43','2020-01-10 00:22:42'),(49,49,'et',4,'2009-05-30','2012-05-30','1970-03-30 15:49:56','2020-01-10 00:22:42'),(50,50,'rem',5,'2000-03-14','2002-03-14','2000-03-14 00:00:00','2020-01-10 00:22:42'),(51,51,'nulla',1,'1980-02-08','1982-02-08','1980-02-08 00:00:00','2020-01-10 00:22:42'),(52,52,'autem',2,'2014-06-09','2015-06-09','1992-06-15 05:16:51','2020-01-10 00:22:42'),(53,53,'ipsa',3,'2002-03-23','2004-03-23','1998-11-14 05:45:28','2020-01-10 00:22:42'),(54,54,'sapiente',4,'2006-07-15','2008-07-15','1995-06-12 18:39:18','2020-01-10 00:22:42'),(55,55,'non',5,'1990-12-14','1991-12-14','1981-01-24 22:40:05','2020-01-10 00:22:42'),(56,56,'fugiat',1,'1990-03-10','1992-03-10','1990-03-10 00:00:00','2020-01-10 00:22:42'),(57,57,'est',2,'1984-08-04','1986-08-04','1971-11-03 22:00:48','2020-01-10 00:22:42'),(58,58,'et',3,'2002-12-04','2003-12-04','1977-04-08 06:40:02','2020-01-10 00:22:42'),(59,59,'est',4,'1999-01-05','2002-01-05','1984-12-08 01:43:25','2020-01-10 00:22:42'),(60,60,'in',5,'1977-02-03','1980-02-03','1977-02-03 00:00:00','2020-01-10 00:22:42'),(61,1,'gooogo',1,'1980-06-29','2002-07-06','1992-01-21 02:20:56','2001-01-07 19:32:29'),(61,61,'nam',1,'2016-01-28','2018-01-28','1979-08-04 13:37:22','2020-01-10 00:22:42'),(62,62,'voluptatem',2,'2015-07-25','2017-07-25','2015-07-25 00:00:00','2020-01-10 00:22:42'),(63,63,'omnis',3,'2009-10-24','2011-10-24','2009-10-24 00:00:00','2020-01-10 00:22:42'),(64,64,'exercitationem',4,'2008-12-06','2011-12-06','2000-12-13 01:11:38','2020-01-10 00:22:42'),(65,65,'veritatis',5,'1999-12-24','2000-12-24','1981-03-22 14:21:01','2020-01-10 00:22:42'),(66,66,'dolore',1,'1977-08-26','1980-08-26','1977-08-26 00:00:00','2020-01-10 00:22:42'),(67,67,'tempora',2,'1995-08-08','1997-08-08','1986-11-03 23:10:36','2020-01-10 00:22:42'),(68,68,'aspernatur',3,'1981-05-12','1983-05-12','1981-05-12 00:00:00','2020-01-10 00:22:42'),(69,69,'sed',4,'1990-04-30','1993-04-30','1982-01-18 12:17:16','2020-01-10 00:22:42'),(70,70,'suscipit',5,'1980-10-17','1982-10-17','1980-10-17 00:00:00','2020-01-10 00:22:42'),(71,71,'quae',1,'1999-12-19','2001-12-19','1992-09-27 16:57:37','2020-01-10 00:22:42'),(72,72,'animi',2,'1976-04-12','1977-04-12','1976-04-12 00:00:00','2020-01-10 00:22:42'),(73,73,'iure',3,'1983-02-19','1984-02-19','1976-06-22 22:22:52','2020-01-10 00:22:42'),(74,74,'cumque',4,'1997-11-03','2000-11-03','1991-08-16 09:23:09','2020-01-10 00:22:42'),(75,75,'aliquid',5,'1988-09-27','1990-09-27','1988-09-27 00:00:00','2020-01-10 00:22:42'),(76,76,'ipsa',1,'2007-01-11','2010-01-11','1996-05-16 12:51:19','2020-01-10 00:22:42'),(77,77,'vel',2,'2009-04-18','2011-04-18','2009-04-18 00:00:00','2020-01-10 00:22:42'),(78,78,'aut',3,'1974-08-16','1977-08-16','1974-08-16 00:00:00','2020-01-10 00:22:42'),(79,79,'ea',4,'2005-05-04','2006-05-04','1971-01-01 19:24:27','2020-01-10 00:22:42'),(80,80,'saepe',5,'1972-01-06','1975-01-06','1972-01-06 00:00:00','2020-01-10 00:22:42'),(81,81,'fugit',1,'2010-08-23','2011-08-23','1974-10-14 01:31:58','2020-01-10 00:22:42'),(82,82,'nobis',2,'1998-05-05','1999-05-05','1974-10-05 16:08:56','2020-01-10 00:22:42'),(83,83,'voluptas',3,'1995-04-29','1998-04-29','1995-04-29 00:00:00','2020-01-10 00:22:42'),(84,84,'ut',4,'1972-09-16','1974-09-16','1972-09-16 00:00:00','2020-01-10 00:22:42'),(85,85,'eum',5,'2013-02-12','2015-02-12','2003-05-04 15:44:18','2020-01-10 00:22:42'),(86,86,'provident',1,'2001-06-08','2003-06-08','1993-07-14 03:38:41','2020-01-10 00:22:42'),(87,87,'inventore',2,'1990-06-25','1992-06-25','1989-08-13 12:08:15','2020-01-10 00:22:42'),(88,88,'qui',3,'2000-12-01','2003-12-01','2000-12-01 00:00:00','2020-01-10 00:22:42'),(89,89,'impedit',4,'2017-01-21','2020-01-21','2004-11-04 04:46:03','2020-01-10 00:22:42'),(90,90,'repudiandae',5,'2010-04-28','2012-04-28','1994-06-02 19:13:32','2020-01-10 00:22:42'),(91,91,'aut',1,'1988-01-03','1990-01-03','1988-01-03 00:00:00','2020-01-10 00:22:42'),(92,92,'consequatur',2,'2007-07-04','2009-07-04','2007-07-04 00:00:00','2020-01-10 00:22:42'),(93,93,'natus',3,'1985-12-20','1987-12-20','1985-12-20 00:00:00','2020-01-10 00:22:42'),(94,94,'in',4,'1983-10-15','1985-10-15','1983-10-15 00:00:00','2020-01-10 00:22:42'),(95,95,'repellat',5,'1993-08-29','1995-08-29','1979-03-21 08:35:09','2020-01-10 00:22:42'),(96,96,'voluptas',1,'2008-03-02','2011-03-02','1989-10-02 14:14:30','2020-01-10 00:22:42'),(97,97,'aut',2,'1999-07-26','2000-07-26','1999-07-26 00:00:00','2020-01-10 00:22:42'),(98,98,'earum',3,'2007-12-11','2009-12-11','2007-12-11 00:00:00','2020-01-10 00:22:42'),(99,99,'vitae',4,'2004-07-25','2007-07-25','1987-08-14 01:43:44','2020-01-10 00:22:42'),(100,100,'quibusdam',5,'2017-12-09','2020-12-09','2004-07-14 09:45:00','2020-01-10 00:22:42'),(101,1,'quo',1,'1986-06-29','1999-06-29','1978-06-12 23:59:57','2020-01-10 00:25:14'),(102,2,'suscipit',2,'2019-04-14','2021-04-14','2009-03-18 10:03:28','2020-01-10 00:22:42'),(103,3,'enim',3,'1990-02-13','1992-02-13','1975-07-26 11:11:26','2020-01-10 00:22:42'),(104,4,'omnis',4,'2007-05-21','2009-05-21','1978-11-03 11:32:25','2020-01-10 00:22:42'),(105,5,'iste',5,'2000-11-10','2002-11-10','1990-01-19 18:04:59','2020-01-10 00:22:42'),(106,6,'quos',1,'2016-03-04','2017-03-04','1970-11-05 22:31:31','2020-01-10 00:22:42'),(107,7,'dolorum',2,'1987-08-26','1989-08-26','1980-04-11 03:21:47','2020-01-10 00:22:42'),(108,8,'quaerat',3,'2004-12-09','2005-12-09','2001-07-26 12:04:12','2020-01-10 00:22:42'),(109,9,'magnam',4,'2015-04-29','2018-04-29','1986-07-17 00:23:37','2020-01-10 00:22:42'),(110,10,'corporis',5,'1976-05-05','1977-05-05','1976-05-05 00:00:00','2020-01-10 00:22:42'),(111,11,'aliquam',1,'1984-11-28','1985-11-28','1984-11-28 00:00:00','2020-01-10 00:22:42'),(112,12,'aspernatur',2,'1984-03-11','1986-03-11','1979-06-02 11:49:52','2020-01-10 00:22:42'),(113,13,'nihil',3,'2006-12-03','2008-12-03','1987-05-25 07:49:13','2020-01-10 00:22:42'),(114,14,'illo',4,'1991-04-09','1994-04-09','1991-04-09 00:00:00','2020-01-10 00:22:42'),(115,15,'necessitatibus',5,'2002-11-21','2003-11-21','2002-11-21 00:00:00','2020-01-10 00:22:42'),(116,16,'enim',1,'1993-11-02','1996-11-02','1993-11-02 00:00:00','2020-01-10 00:22:42'),(117,17,'consequatur',2,'1972-03-07','1975-03-07','1972-03-07 00:00:00','2020-01-10 00:22:42'),(118,18,'doloremque',3,'1982-11-22','1984-11-22','1982-11-22 00:00:00','2020-01-10 00:22:42'),(119,19,'corrupti',4,'1979-09-15','1981-09-15','1978-10-02 12:44:41','2020-01-10 00:22:42'),(120,20,'qui',5,'2007-01-06','2009-01-06','1975-11-19 09:55:52','2020-01-10 00:22:42'),(121,21,'molestiae',1,'1992-08-11','1995-08-11','1992-08-11 00:00:00','2020-01-10 00:22:42'),(122,22,'et',2,'1995-03-26','1997-03-26','1995-03-26 00:00:00','2020-01-10 00:22:42'),(123,23,'qui',3,'2017-10-10','2018-10-10','2011-11-13 19:43:22','2020-01-10 00:22:42'),(124,24,'et',4,'1988-10-13','1990-10-13','1979-04-08 23:22:13','2020-01-10 00:22:42'),(125,25,'est',5,'1994-10-23','1997-10-23','1974-08-14 23:43:20','2020-01-10 00:22:42'),(126,26,'ut',1,'2011-03-17','2013-03-17','1971-11-14 18:27:08','2020-01-10 00:22:42'),(127,27,'rerum',2,'2007-07-01','2010-07-01','2007-07-01 00:00:00','2020-01-10 00:22:42'),(128,28,'similique',3,'2011-10-19','2013-10-19','1980-11-30 20:20:24','2020-01-10 00:22:42'),(129,29,'dicta',4,'2007-08-09','2008-08-09','2005-01-16 05:05:35','2020-01-10 00:22:42'),(130,30,'architecto',5,'2014-07-13','2017-07-13','1997-10-14 01:47:48','2020-01-10 00:22:42'),(131,31,'dolor',1,'2012-01-30','2014-01-30','1998-02-18 06:13:55','2020-01-10 00:22:42'),(132,32,'assumenda',2,'1991-04-30','1993-04-30','1972-09-30 23:41:24','2020-01-10 00:22:42'),(133,33,'necessitatibus',3,'1983-11-01','1986-11-01','1982-03-31 04:24:42','2020-01-10 00:22:42'),(134,34,'nihil',4,'2007-04-17','2009-04-17','1978-03-04 17:10:29','2020-01-10 00:22:42'),(135,35,'accusamus',5,'2007-05-31','2009-05-31','1976-06-10 19:24:25','2020-01-10 00:22:42'),(136,36,'voluptas',1,'1987-10-22','1990-10-22','1978-01-06 15:51:41','2020-01-10 00:22:42'),(137,37,'incidunt',2,'2012-10-16','2013-10-16','1970-08-27 03:45:04','2020-01-10 00:22:42'),(138,38,'sapiente',3,'1986-10-26','1988-10-26','1986-10-26 00:00:00','2020-01-10 00:22:42'),(139,39,'quos',4,'1992-02-15','1994-02-15','1972-05-08 22:14:43','2020-01-10 00:22:42'),(140,40,'quibusdam',5,'1973-04-22','1974-04-22','1973-04-22 00:00:00','2020-01-10 00:22:42'),(141,41,'velit',1,'1982-04-30','1985-04-30','1981-07-04 13:59:06','2020-01-10 00:22:42'),(142,42,'ipsa',2,'1975-10-02','1976-10-02','1975-10-02 00:00:00','2020-01-10 00:22:42'),(143,43,'velit',3,'2014-10-17','2016-10-17','2006-11-24 18:20:10','2020-01-10 00:22:42'),(144,44,'est',4,'1978-01-17','1980-01-17','1978-01-17 00:00:00','2020-01-10 00:22:42'),(145,45,'nihil',5,'1979-10-31','1982-10-31','1979-10-31 00:00:00','2020-01-10 00:22:42'),(146,46,'qui',1,'2007-02-03','2009-02-03','1987-11-07 14:28:35','2020-01-10 00:22:42'),(147,47,'quae',2,'2009-08-24','2011-08-24','2009-08-24 00:00:00','2020-01-10 00:22:42'),(148,48,'dolorem',3,'1974-11-20','1976-11-20','1974-11-20 00:00:00','2020-01-10 00:22:42'),(149,49,'sit',4,'1986-09-03','1989-09-03','1986-09-03 00:00:00','2020-01-10 00:22:42'),(150,50,'dolores',5,'1988-04-10','1989-04-10','1970-06-15 23:47:42','2020-01-10 00:22:42'),(151,51,'reiciendis',1,'1986-08-21','1989-08-21','1986-08-21 00:00:00','2020-01-10 00:22:42'),(152,52,'culpa',2,'1999-11-10','2001-11-10','1999-11-10 00:00:00','2020-01-10 00:22:42'),(153,53,'laudantium',3,'1983-05-20','1984-05-20','1983-05-20 00:00:00','2020-01-10 00:22:42'),(154,54,'sint',4,'2014-01-30','2016-01-30','1982-05-22 15:43:26','2020-01-10 00:22:42'),(155,55,'omnis',5,'1978-05-19','1980-05-19','1978-05-19 00:00:00','2020-01-10 00:22:42'),(156,56,'tempora',1,'2009-01-10','2012-01-10','1993-05-03 06:17:01','2020-01-10 00:22:42'),(157,57,'repellat',2,'1998-05-11','2001-05-11','1990-09-16 09:37:55','2020-01-10 00:22:42'),(158,58,'nam',3,'1988-01-12','1989-01-12','1988-01-12 00:00:00','2020-01-10 00:22:42'),(159,59,'assumenda',4,'1993-09-25','1995-09-25','1993-05-28 21:44:14','2020-01-10 00:22:42'),(160,60,'mollitia',5,'1997-03-10','1999-03-10','1997-03-10 00:00:00','2020-01-10 00:22:42'),(161,61,'ut',1,'1997-01-17','1999-01-17','1993-03-11 18:02:19','2020-01-10 00:22:42'),(162,62,'et',2,'2012-09-21','2014-09-21','2002-06-22 15:37:32','2020-01-10 00:22:42'),(163,63,'nisi',3,'1975-04-12','1977-04-12','1975-04-12 00:00:00','2020-01-10 00:22:42'),(164,64,'et',4,'1991-08-08','1993-08-08','1991-08-08 00:00:00','2020-01-10 00:22:42'),(165,65,'ipsum',5,'2006-02-15','2008-02-15','1980-04-02 18:16:22','2020-01-10 00:22:42'),(166,66,'velit',1,'2019-07-28','2020-07-28','1996-04-28 20:36:49','2020-01-10 00:22:42'),(167,67,'excepturi',2,'1986-03-02','1988-03-02','1986-03-02 00:00:00','2020-01-10 00:22:42'),(168,68,'dolor',3,'1971-07-09','1972-07-09','1971-07-09 00:00:00','2020-01-10 00:22:42'),(169,69,'nam',4,'1978-11-19','1981-11-19','1978-11-19 00:00:00','2020-01-10 00:22:42'),(170,70,'corporis',5,'2017-07-13','2018-07-13','1975-10-30 19:59:37','2020-01-10 00:22:42'),(171,71,'aliquam',1,'1973-09-07','1975-09-07','1973-09-07 00:00:00','2020-01-10 00:22:42'),(172,72,'animi',2,'1981-11-03','1983-11-03','1981-11-03 00:00:00','2020-01-10 00:22:42'),(173,73,'reiciendis',3,'1978-08-21','1981-08-21','1978-08-21 00:00:00','2020-01-10 00:22:42'),(174,74,'at',4,'1989-08-29','1990-08-29','1989-08-29 00:00:00','2020-01-10 00:22:42'),(175,75,'ad',5,'1989-12-16','1991-12-16','1989-12-16 00:00:00','2020-01-10 00:22:42'),(176,76,'voluptates',1,'1987-02-23','1990-02-23','1979-11-22 00:29:34','2020-01-10 00:22:42'),(177,77,'neque',2,'1987-12-29','1989-12-29','1987-12-29 00:00:00','2020-01-10 00:22:42'),(178,78,'nihil',3,'1998-04-09','2000-04-09','1998-04-09 00:00:00','2020-01-10 00:22:42'),(179,79,'aperiam',4,'1976-07-20','1978-07-20','1976-07-20 00:00:00','2020-01-10 00:22:42'),(180,80,'in',5,'1978-08-18','1981-08-18','1978-08-18 00:00:00','2020-01-10 00:22:42'),(181,81,'veniam',1,'1983-08-01','1985-08-01','1971-11-16 10:23:24','2020-01-10 00:22:42'),(182,82,'ad',2,'2013-03-17','2014-03-17','1991-06-12 19:10:13','2020-01-10 00:22:42'),(183,83,'ipsa',3,'1989-07-30','1990-07-30','1988-10-05 11:52:29','2020-01-10 00:22:42'),(184,84,'consequuntur',4,'1976-08-06','1978-08-06','1976-08-06 00:00:00','2020-01-10 00:22:42'),(185,85,'nihil',5,'1988-09-16','1989-09-16','1988-09-16 00:00:00','2020-01-10 00:22:42'),(186,86,'ratione',1,'2012-03-07','2013-03-07','2010-07-04 03:34:10','2020-01-10 00:22:42'),(187,87,'veniam',2,'2009-10-22','2010-10-22','1994-12-08 23:27:57','2020-01-10 00:22:42'),(188,88,'provident',3,'1992-11-27','1994-11-27','1992-11-27 00:00:00','2020-01-10 00:22:42'),(189,89,'similique',4,'1990-11-27','1993-11-27','1990-11-27 00:00:00','2020-01-10 00:22:42'),(190,90,'magni',5,'1970-08-09','1972-08-09','1970-08-09 00:00:00','2020-01-10 00:22:42'),(191,91,'exercitationem',1,'2009-02-17','2011-02-17','1972-10-27 04:29:42','2020-01-10 00:22:42'),(192,92,'laborum',2,'1999-08-09','2001-08-09','1987-11-03 19:13:01','2020-01-10 00:22:42'),(193,93,'itaque',3,'1996-04-28','1998-04-28','1996-04-28 00:00:00','2020-01-10 00:22:42'),(194,94,'quae',4,'2013-05-24','2014-05-24','2013-05-24 00:00:00','2020-01-10 00:22:42'),(195,95,'quia',5,'1999-08-04','2000-08-04','1972-09-20 14:04:57','2020-01-10 00:22:42'),(196,96,'voluptatem',1,'1993-01-17','1996-01-17','1972-02-03 09:18:42','2020-01-10 00:22:42'),(197,97,'ea',2,'1984-12-31','1985-12-31','1977-04-13 01:19:49','2020-01-10 00:22:42'),(198,98,'quas',3,'2017-11-21','2018-11-21','1974-04-18 03:13:09','2020-01-10 00:22:42'),(199,99,'dicta',4,'2000-07-11','2002-07-11','1986-09-30 16:14:37','2020-01-10 00:22:42'),(200,100,'modi',5,'2018-05-29','2020-05-29','1973-01-16 02:39:23','2020-01-10 00:22:42'),(201,1,'qui',1,'1986-06-29','1999-06-29','1990-12-22 23:56:27','2020-01-10 00:25:14'),(202,2,'expedita',2,'2010-11-01','2013-11-01','1988-06-09 12:14:28','2020-01-10 00:22:42'),(203,3,'tempore',3,'2006-07-02','2007-07-02','1992-05-05 11:44:03','2020-01-10 00:22:42'),(204,4,'rem',4,'2002-01-11','2004-01-11','2002-01-11 00:00:00','2020-01-10 00:22:42'),(205,5,'et',5,'2008-09-27','2009-09-27','2008-09-27 00:00:00','2020-01-10 00:22:42'),(206,6,'itaque',1,'2007-01-04','2010-01-04','1979-04-17 04:26:47','2020-01-10 00:22:42'),(207,7,'et',2,'1987-08-17','1990-08-17','1987-08-17 00:00:00','2020-01-10 00:22:42'),(208,8,'quis',3,'1992-07-31','1994-07-31','1992-07-31 00:00:00','2020-01-10 00:22:42'),(209,9,'atque',4,'1995-08-08','1997-08-08','1990-04-08 16:53:56','2020-01-10 00:22:42'),(210,10,'minus',5,'1989-11-16','1990-11-16','1989-11-16 00:00:00','2020-01-10 00:22:42'),(211,11,'voluptatem',1,'2005-11-18','2008-11-18','2002-02-11 19:35:24','2020-01-10 00:22:42'),(212,12,'magni',2,'2002-06-22','2003-06-22','2002-06-22 00:00:00','2020-01-10 00:22:42'),(213,13,'maiores',3,'1983-04-16','1986-04-16','1983-04-16 00:00:00','2020-01-10 00:22:42'),(214,14,'vel',4,'2001-11-20','2003-11-20','1998-09-15 04:14:45','2020-01-10 00:22:42'),(215,15,'et',5,'2001-03-10','2002-03-10','1974-01-28 22:40:19','2020-01-10 00:22:42'),(216,16,'qui',1,'2002-01-21','2005-01-21','1987-02-23 22:12:10','2020-01-10 00:22:42'),(217,17,'voluptatem',2,'1981-04-27','1983-04-27','1981-04-27 00:00:00','2020-01-10 00:22:42'),(218,18,'sapiente',3,'1987-01-26','1989-01-26','1984-03-18 05:39:49','2020-01-10 00:22:42'),(219,19,'accusantium',4,'1991-11-08','1994-11-08','1991-11-08 00:00:00','2020-01-10 00:22:42'),(220,20,'sit',5,'1994-03-12','1996-03-12','1994-03-12 00:00:00','2020-01-10 00:22:42'),(221,21,'corrupti',1,'2006-04-03','2008-04-03','2006-04-03 00:00:00','2020-01-10 00:22:42'),(222,22,'nulla',2,'2018-06-09','2019-06-09','1980-09-09 11:36:52','2020-01-10 00:22:42'),(223,23,'illo',3,'1979-12-09','1980-12-09','1979-12-09 00:00:00','2020-01-10 00:22:42'),(224,24,'delectus',4,'2004-03-22','2005-03-22','1976-09-13 14:28:48','2020-01-10 00:22:42'),(225,25,'voluptas',5,'2003-11-18','2004-11-18','2003-11-18 00:00:00','2020-01-10 00:22:42'),(226,26,'voluptas',1,'2011-09-18','2013-09-18','1998-07-12 16:52:46','2020-01-10 00:22:42'),(227,27,'consequuntur',2,'1999-11-24','2000-11-24','1982-05-21 17:32:26','2020-01-10 00:22:42'),(228,28,'consequuntur',3,'1997-03-30','1999-03-30','1992-12-24 21:13:12','2020-01-10 00:22:42'),(229,29,'aut',4,'2000-11-27','2001-11-27','2000-11-27 00:00:00','2020-01-10 00:22:42'),(230,30,'quidem',5,'1984-03-16','1987-03-16','1984-03-16 00:00:00','2020-01-10 00:22:42'),(231,31,'quaerat',1,'1991-08-27','1992-08-27','1991-08-27 00:00:00','2020-01-10 00:22:42'),(232,32,'ratione',2,'1993-12-06','1995-12-06','1977-02-17 08:00:07','2020-01-10 00:22:42'),(233,33,'praesentium',3,'1994-07-31','1997-07-31','1993-07-11 20:44:13','2020-01-10 00:22:42'),(234,34,'voluptate',4,'1975-08-04','1977-08-04','1975-08-04 00:00:00','2020-01-10 00:22:42'),(235,35,'aut',5,'2015-07-25','2016-07-25','1989-12-10 17:02:27','2020-01-10 00:22:42'),(236,36,'id',1,'2016-07-05','2018-07-05','1998-09-19 13:01:00','2020-01-10 00:22:42'),(237,37,'sed',2,'2007-08-25','2008-08-25','1983-04-11 20:53:45','2020-01-10 00:22:42'),(238,38,'vitae',3,'1982-06-27','1983-06-27','1982-06-27 00:00:00','2020-01-10 00:22:42'),(239,39,'fugit',4,'1991-06-14','1993-06-14','1991-06-14 00:00:00','2020-01-10 00:22:42'),(240,40,'id',5,'2010-02-17','2011-02-17','1983-01-29 01:11:16','2020-01-10 00:22:42'),(241,41,'exercitationem',1,'1975-05-02','1976-05-02','1975-05-02 00:00:00','2020-01-10 00:22:42'),(242,42,'animi',2,'1971-05-04','1974-05-04','1971-05-04 00:00:00','2020-01-10 00:22:42'),(243,43,'deleniti',3,'1989-05-14','1992-05-14','1989-05-14 00:00:00','2020-01-10 00:22:42'),(244,44,'aut',4,'1982-10-23','1985-10-23','1982-10-23 00:00:00','2020-01-10 00:22:42'),(245,45,'esse',5,'2002-07-05','2003-07-05','1988-02-13 07:09:53','2020-01-10 00:22:42'),(246,46,'hic',1,'2018-08-29','2019-08-29','1991-08-08 12:59:26','2020-01-10 00:22:42'),(247,47,'nemo',2,'1987-11-19','1988-11-19','1987-11-19 00:00:00','2020-01-10 00:22:42'),(248,48,'omnis',3,'1974-01-22','1976-01-22','1974-01-22 00:00:00','2020-01-10 00:22:42'),(249,49,'aut',4,'2018-09-09','2020-09-09','2014-04-07 21:14:28','2020-01-10 00:22:42'),(250,50,'eum',5,'2009-09-19','2011-09-19','1986-08-26 00:10:59','2020-01-10 00:22:42'),(251,51,'ut',1,'1992-04-02','1995-04-02','1992-04-02 00:00:00','2020-01-10 00:22:42'),(252,52,'fugit',2,'2009-04-24','2011-04-24','2009-04-24 00:00:00','2020-01-10 00:22:42'),(253,53,'eos',3,'2017-01-25','2020-01-25','2015-09-02 13:48:08','2020-01-10 00:22:42'),(254,54,'in',4,'2013-10-04','2014-10-04','1996-12-16 15:20:50','2020-01-10 00:22:42'),(255,55,'enim',5,'2008-02-11','2010-02-11','2001-06-24 02:41:34','2020-01-10 00:22:42'),(256,56,'non',1,'1982-12-18','1984-12-18','1973-09-01 04:26:33','2020-01-10 00:22:42'),(257,57,'et',2,'2010-11-03','2013-11-03','1988-11-15 02:43:54','2020-01-10 00:22:42'),(258,58,'accusantium',3,'2009-12-01','2010-12-01','2008-09-28 20:09:18','2020-01-10 00:22:42'),(259,59,'odio',4,'2002-04-04','2004-04-04','2002-04-04 00:00:00','2020-01-10 00:22:42'),(260,60,'culpa',5,'1971-01-26','1974-01-26','1971-01-26 00:00:00','2020-01-10 00:22:42'),(261,61,'quis',1,'1977-04-19','1979-04-19','1977-04-19 00:00:00','2020-01-10 00:22:42'),(262,62,'repellendus',2,'2012-12-25','2015-12-25','2010-06-28 23:12:43','2020-01-10 00:22:42'),(263,63,'quo',3,'2015-05-23','2018-05-23','1996-10-28 06:42:04','2020-01-10 00:22:42'),(264,64,'sit',4,'2000-10-04','2003-10-04','2000-10-04 00:00:00','2020-01-10 00:22:42'),(265,65,'ipsum',5,'1990-04-29','1991-04-29','1990-04-29 00:00:00','2020-01-10 00:22:42'),(266,66,'omnis',1,'1995-11-26','1997-11-26','1972-11-18 09:29:50','2020-01-10 00:22:42'),(267,67,'sequi',2,'1996-03-01','1997-03-01','1996-03-01 00:00:00','2020-01-10 00:22:42'),(268,68,'non',3,'1971-12-24','1973-12-24','1971-12-24 00:00:00','2020-01-10 00:22:42'),(269,69,'animi',4,'2005-07-04','2008-07-04','2003-11-22 20:40:38','2020-01-10 00:22:42'),(270,70,'odio',5,'1972-11-28','1974-11-28','1972-11-28 00:00:00','2020-01-10 00:22:42'),(271,71,'rerum',1,'2006-05-25','2008-05-25','1977-07-10 23:19:45','2020-01-10 00:22:42'),(272,72,'culpa',2,'2018-07-02','2020-07-02','1998-08-24 01:19:48','2020-01-10 00:22:42'),(273,73,'vel',3,'1974-02-06','1977-02-06','1974-02-06 00:00:00','2020-01-10 00:22:42'),(274,74,'cum',4,'1982-03-05','1983-03-05','1982-03-05 00:00:00','2020-01-10 00:22:42'),(275,75,'impedit',5,'1973-01-22','1975-01-22','1973-01-22 00:00:00','2020-01-10 00:22:42'),(276,76,'ea',1,'2005-03-26','2006-03-26','1982-05-23 08:57:48','2020-01-10 00:22:42'),(277,77,'pariatur',2,'1981-10-16','1984-10-16','1978-06-18 16:23:20','2020-01-10 00:22:42'),(278,78,'expedita',3,'1981-03-29','1983-03-29','1981-03-29 00:00:00','2020-01-10 00:22:42'),(279,79,'beatae',4,'1976-07-03','1978-07-03','1976-07-03 00:00:00','2020-01-10 00:22:42'),(280,80,'voluptatum',5,'1997-01-03','1999-01-03','1970-09-14 22:28:59','2020-01-10 00:22:42'),(281,81,'doloremque',1,'1970-07-14','1973-07-14','1970-07-14 00:00:00','2020-01-10 00:22:42'),(282,82,'est',2,'1984-01-12','1987-01-12','1973-07-11 21:17:26','2020-01-10 00:22:42'),(283,83,'nihil',3,'1973-02-19','1975-02-19','1973-02-19 00:00:00','2020-01-10 00:22:42'),(284,84,'occaecati',4,'1996-04-25','1998-04-25','1996-01-11 03:01:40','2020-01-10 00:22:42'),(285,85,'asperiores',5,'1999-01-23','2001-01-23','1981-08-10 12:19:52','2020-01-10 00:22:42'),(286,86,'sint',1,'1992-04-26','1994-04-26','1992-04-26 00:00:00','2020-01-10 00:22:42'),(287,87,'fugit',2,'1971-08-05','1973-08-05','1971-08-05 00:00:00','2020-01-10 00:22:42'),(288,88,'quis',3,'2010-01-26','2012-01-26','2009-04-12 23:23:18','2020-01-10 00:22:42'),(289,89,'non',4,'2006-09-03','2008-09-03','2002-11-15 20:00:42','2020-01-10 00:22:42'),(290,90,'delectus',5,'2003-06-17','2005-06-17','1995-10-31 13:32:30','2020-01-10 00:22:42'),(291,91,'minima',1,'1994-04-23','1995-04-23','1994-04-23 00:00:00','2020-01-10 00:22:42'),(292,92,'aliquid',2,'1992-07-07','1994-07-07','1992-07-07 00:00:00','2020-01-10 00:22:42'),(293,93,'hic',3,'1972-07-25','1973-07-25','1972-07-25 00:00:00','2020-01-10 00:22:42'),(294,94,'facere',4,'2009-06-25','2012-06-25','1990-09-25 13:02:45','2020-01-10 00:22:42'),(295,95,'officia',5,'1995-08-24','1996-08-24','1995-08-24 00:00:00','2020-01-10 00:22:42'),(296,96,'commodi',1,'2014-11-24','2016-11-24','1976-04-12 05:08:22','2020-01-10 00:22:42'),(297,97,'sit',2,'2018-09-11','2019-09-11','2008-12-27 11:18:47','2020-01-10 00:22:42'),(298,98,'et',3,'1988-11-27','1991-11-27','1988-11-27 00:00:00','2020-01-10 00:22:42'),(299,99,'architecto',4,'2001-04-30','2003-04-30','1997-05-02 13:58:08','2020-01-10 00:22:42'),(300,100,'quia',5,'2016-07-08','2017-07-08','1980-08-22 19:10:01','2020-01-10 00:22:42'),(301,1,'esse',1,'1986-06-29','1999-06-29','1982-09-05 00:00:00','2020-01-10 00:25:14'),(302,2,'vero',2,'1999-06-12','2001-06-12','1999-06-12 00:00:00','2020-01-10 00:22:42'),(303,3,'amet',3,'2003-04-08','2005-04-08','1992-04-18 22:14:53','2020-01-10 00:22:42'),(304,4,'quae',4,'2006-06-14','2008-06-14','1986-07-03 12:37:34','2020-01-10 00:22:42'),(305,5,'necessitatibus',5,'1972-06-15','1974-06-15','1972-06-15 00:00:00','2020-01-10 00:22:42'),(306,6,'est',1,'2014-09-06','2016-09-06','1978-02-20 01:18:28','2020-01-10 00:22:42'),(307,7,'dolorem',2,'2018-04-19','2019-04-19','1978-08-25 14:24:17','2020-01-10 00:22:42'),(308,8,'sunt',3,'1975-04-30','1977-04-30','1975-04-30 00:00:00','2020-01-10 00:22:42'),(309,9,'saepe',4,'1986-06-18','1987-06-18','1986-02-28 12:57:31','2020-01-10 00:22:42'),(310,10,'dolores',5,'1970-07-02','1971-07-02','1970-07-02 00:00:00','2020-01-10 00:22:42'),(311,11,'accusantium',1,'1986-10-25','1988-10-25','1986-10-25 00:00:00','2020-01-10 00:22:42'),(312,12,'repellat',2,'1996-09-15','1998-09-15','1980-10-15 00:12:15','2020-01-10 00:22:42'),(313,13,'aut',3,'2015-10-26','2016-10-26','2015-06-27 20:41:19','2020-01-10 00:22:42'),(314,14,'laboriosam',4,'1985-02-27','1987-02-27','1985-02-27 00:00:00','2020-01-10 00:22:42'),(315,15,'dolorum',5,'1979-05-13','1980-05-13','1979-05-13 00:00:00','2020-01-10 00:22:42'),(316,16,'non',1,'1978-03-21','1980-03-21','1978-03-21 00:00:00','2020-01-10 00:22:42'),(317,17,'laboriosam',2,'1978-08-31','1980-08-31','1978-08-31 00:00:00','2020-01-10 00:22:42'),(318,18,'expedita',3,'1980-05-16','1982-05-16','1980-05-16 00:00:00','2020-01-10 00:22:42'),(319,19,'consequuntur',4,'2001-05-10','2004-05-10','2000-08-22 17:04:48','2020-01-10 00:22:42'),(320,20,'quaerat',5,'2017-12-21','2019-12-21','2009-02-28 14:28:27','2020-01-10 00:22:42'),(321,21,'veritatis',1,'2010-12-17','2012-12-17','1988-01-14 16:29:02','2020-01-10 00:22:42'),(322,22,'exercitationem',2,'1973-11-16','1975-11-16','1973-11-16 00:00:00','2020-01-10 00:22:42'),(323,23,'facilis',3,'2009-10-30','2011-10-30','1997-11-16 13:12:11','2020-01-10 00:22:42'),(324,24,'iure',4,'1996-05-11','1998-05-11','1974-07-25 17:59:27','2020-01-10 00:22:42'),(325,25,'maiores',5,'2006-05-08','2007-05-08','2006-05-08 00:00:00','2020-01-10 00:22:42'),(326,26,'consectetur',1,'2005-04-23','2008-04-23','1974-09-14 06:18:58','2020-01-10 00:22:42'),(327,27,'totam',2,'1980-07-24','1981-07-24','1980-07-24 00:00:00','2020-01-10 00:22:42'),(328,28,'vel',3,'1987-03-31','1989-03-31','1987-03-31 00:00:00','2020-01-10 00:22:42'),(329,29,'nobis',4,'1976-11-26','1978-11-26','1976-11-26 00:00:00','2020-01-10 00:22:42'),(330,30,'maiores',5,'2001-05-25','2003-05-25','2001-05-25 00:00:00','2020-01-10 00:22:42'),(331,31,'error',1,'1975-09-03','1976-09-03','1975-02-04 03:58:42','2020-01-10 00:22:42'),(332,32,'ipsa',2,'2005-06-06','2008-06-06','1979-01-31 05:44:37','2020-01-10 00:22:42'),(333,33,'aut',3,'1981-04-12','1983-04-12','1981-04-12 00:00:00','2020-01-10 00:22:42'),(334,34,'incidunt',4,'1976-09-19','1978-09-19','1976-09-19 00:00:00','2020-01-10 00:22:42'),(335,35,'consequatur',5,'2018-06-21','2021-06-21','2004-01-11 09:19:31','2020-01-10 00:22:42'),(336,36,'aliquam',1,'2014-03-22','2017-03-22','1997-05-15 19:38:28','2020-01-10 00:22:42'),(337,37,'est',2,'1974-10-27','1977-10-27','1974-10-27 00:00:00','2020-01-10 00:22:42'),(338,38,'dolores',3,'1974-08-28','1975-08-28','1974-08-28 00:00:00','2020-01-10 00:22:42'),(339,39,'repudiandae',4,'1987-10-25','1989-10-25','1987-10-25 00:00:00','2020-01-10 00:22:42'),(340,40,'ut',5,'1997-11-29','2000-11-29','1974-11-29 15:16:52','2020-01-10 00:22:42'),(341,41,'magnam',1,'2011-11-13','2013-11-13','2011-01-16 12:39:14','2020-01-10 00:22:42'),(342,42,'aperiam',2,'1996-07-19','1998-07-19','1974-09-15 18:03:40','2020-01-10 00:22:42'),(343,43,'ut',3,'2016-01-26','2019-01-26','2002-03-22 20:06:02','2020-01-10 00:22:42'),(344,44,'et',4,'1990-01-23','1993-01-23','1974-12-29 13:07:59','2020-01-10 00:22:42'),(345,45,'architecto',5,'1975-01-03','1977-01-03','1975-01-03 00:00:00','2020-01-10 00:22:42'),(346,46,'aliquam',1,'2013-11-13','2016-11-13','2011-04-20 14:32:17','2020-01-10 00:22:42'),(347,47,'repellendus',2,'1973-01-10','1975-01-10','1972-10-11 11:59:39','2020-01-10 00:22:42'),(348,48,'hic',3,'1977-03-17','1979-03-17','1977-03-17 00:00:00','2020-01-10 00:22:42'),(349,49,'nulla',4,'1995-05-20','1997-05-20','1995-03-19 21:22:09','2020-01-10 00:22:42'),(350,50,'sint',5,'2005-04-23','2007-04-23','2005-04-16 13:06:12','2020-01-10 00:22:42'),(351,51,'unde',1,'2014-01-12','2016-01-12','1976-11-01 12:09:50','2020-01-10 00:22:42'),(352,52,'provident',2,'1977-05-10','1979-05-10','1977-05-10 00:00:00','2020-01-10 00:22:42'),(353,53,'mollitia',3,'1973-06-21','1976-06-21','1973-06-21 00:00:00','2020-01-10 00:22:42'),(354,54,'unde',4,'1987-03-30','1990-03-30','1987-03-30 00:00:00','2020-01-10 00:22:42'),(355,55,'dolor',5,'2018-04-05','2021-04-05','1985-01-25 21:09:36','2020-01-10 00:22:42'),(356,56,'optio',1,'2006-04-08','2008-04-08','2006-04-08 00:00:00','2020-01-10 00:22:42'),(357,57,'aut',2,'1974-08-27','1977-08-27','1974-08-27 00:00:00','2020-01-10 00:22:42'),(358,58,'iure',3,'1984-03-28','1987-03-28','1973-09-11 07:02:57','2020-01-10 00:22:42'),(359,59,'ut',4,'2016-01-15','2019-01-15','1995-08-31 06:07:14','2020-01-10 00:22:42'),(360,60,'dolores',5,'1994-04-13','1995-04-13','1994-04-13 00:00:00','2020-01-10 00:22:42'),(361,61,'et',1,'1983-04-02','1986-04-02','1983-04-02 00:00:00','2020-01-10 00:22:42'),(362,62,'quis',2,'2016-06-17','2017-06-17','1999-02-18 23:32:03','2020-01-10 00:22:42'),(363,63,'et',3,'2019-05-04','2022-05-04','2010-10-25 17:14:09','2020-01-10 00:22:42'),(364,64,'nulla',4,'1975-05-17','1977-05-17','1975-05-17 00:00:00','2020-01-10 00:22:42'),(365,65,'est',5,'1984-03-24','1987-03-24','1984-03-24 00:00:00','2020-01-10 00:22:42'),(366,66,'praesentium',1,'1974-04-28','1976-04-28','1974-04-28 00:00:00','2020-01-10 00:22:42'),(367,67,'perspiciatis',2,'1973-07-08','1975-07-08','1973-07-08 00:00:00','2020-01-10 00:22:42'),(368,68,'molestiae',3,'1986-11-04','1987-11-04','1970-12-17 08:19:20','2020-01-10 00:22:42'),(369,69,'dolore',4,'1986-05-01','1988-05-01','1986-05-01 00:00:00','2020-01-10 00:22:42'),(370,70,'deserunt',5,'1979-11-07','1982-11-07','1971-03-30 18:54:00','2020-01-10 00:22:42'),(371,71,'perspiciatis',1,'1999-12-09','2000-12-09','1994-01-19 12:12:02','2020-01-10 00:22:42'),(372,72,'quis',2,'1986-06-09','1988-06-09','1986-06-09 00:00:00','2020-01-10 00:22:42'),(373,73,'omnis',3,'2015-05-22','2017-05-22','2004-05-06 14:08:05','2020-01-10 00:22:42'),(374,74,'dolores',4,'2008-09-12','2010-09-12','2006-11-23 22:02:20','2020-01-10 00:22:42'),(375,75,'ut',5,'2015-08-08','2016-08-08','1995-05-28 11:49:56','2020-01-10 00:22:42'),(376,76,'nisi',1,'1997-11-03','1999-11-03','1978-09-05 18:07:20','2020-01-10 00:22:42'),(377,77,'tempora',2,'1985-08-21','1986-08-21','1985-08-21 00:00:00','2020-01-10 00:22:42'),(378,78,'dolorum',3,'1989-06-28','1991-06-28','1989-06-28 00:00:00','2020-01-10 00:22:42'),(379,79,'necessitatibus',4,'1990-03-07','1991-03-07','1978-07-24 05:24:39','2020-01-10 00:22:42'),(380,80,'ab',5,'2010-05-04','2012-05-04','2003-05-20 08:37:11','2020-01-10 00:22:42'),(381,81,'qui',1,'1999-09-11','2002-09-11','1978-07-28 15:49:31','2020-01-10 00:22:42'),(382,82,'aliquid',2,'1987-01-27','1988-01-27','1987-01-27 00:00:00','2020-01-10 00:22:42'),(383,83,'voluptas',3,'1974-12-18','1976-12-18','1974-12-18 00:00:00','2020-01-10 00:22:42'),(384,84,'et',4,'2019-09-28','2021-09-28','1971-12-28 22:52:33','2020-01-10 00:22:42'),(385,85,'autem',5,'2005-03-27','2007-03-27','1999-12-30 04:49:33','2020-01-10 00:22:42'),(386,86,'saepe',1,'1999-03-20','2001-03-20','1999-03-20 00:00:00','2020-01-10 00:22:42'),(387,87,'mollitia',2,'2002-11-22','2004-11-22','2002-11-22 00:00:00','2020-01-10 00:22:42'),(388,88,'reiciendis',3,'2007-05-02','2008-05-02','1991-08-24 16:33:46','2020-01-10 00:22:42'),(389,89,'cumque',4,'2013-05-27','2015-05-27','2013-05-27 00:00:00','2020-01-10 00:22:42'),(390,90,'dignissimos',5,'2019-01-22','2022-01-22','1971-11-01 14:17:58','2020-01-10 00:22:42'),(391,91,'iusto',1,'2019-10-26','2021-10-26','2018-05-14 22:41:36','2020-01-10 00:22:42'),(392,92,'aut',2,'2013-10-25','2015-10-25','1994-11-30 17:55:40','2020-01-10 00:22:42'),(393,93,'eos',3,'1984-12-22','1986-12-22','1984-12-22 00:00:00','2020-01-10 00:22:42'),(394,94,'et',4,'1975-03-08','1977-03-08','1975-03-08 00:00:00','2020-01-10 00:22:42'),(395,95,'recusandae',5,'1973-03-27','1975-03-27','1972-07-25 13:04:52','2020-01-10 00:22:42'),(396,96,'vero',1,'1992-12-16','1994-12-16','1984-09-06 16:51:42','2020-01-10 00:22:42'),(397,97,'est',2,'1979-04-22','1982-04-22','1979-04-22 00:00:00','2020-01-10 00:22:42'),(398,98,'non',3,'2002-07-24','2003-07-24','1980-12-25 18:14:01','2020-01-10 00:22:42'),(399,99,'ea',4,'2006-09-11','2008-09-11','2000-05-24 13:36:02','2020-01-10 00:22:42'),(400,100,'aut',5,'2006-09-16','2009-09-16','1995-09-24 14:13:09','2020-01-10 00:22:42'),(401,1,'modi',1,'1986-06-29','1999-06-29','1992-05-23 06:52:19','2020-01-10 00:25:14'),(402,2,'nulla',2,'1999-11-23','2001-11-23','1999-11-23 00:00:00','2020-01-10 00:22:42'),(403,3,'illum',3,'1981-07-22','1984-07-22','1981-07-22 00:00:00','2020-01-10 00:22:42'),(404,4,'sequi',4,'1986-11-06','1987-11-06','1986-11-06 00:00:00','2020-01-10 00:22:42'),(405,5,'illum',5,'2010-11-13','2011-11-13','1991-03-28 12:13:53','2020-01-10 00:22:42'),(406,6,'quibusdam',1,'1998-02-21','2001-02-21','1998-02-21 00:00:00','2020-01-10 00:22:42'),(407,7,'qui',2,'2012-10-31','2014-10-31','1991-12-05 14:18:51','2020-01-10 00:22:42'),(408,8,'doloribus',3,'2008-01-06','2009-01-06','1994-10-14 18:36:00','2020-01-10 00:22:42'),(409,9,'nesciunt',4,'1983-04-09','1985-04-09','1983-04-09 00:00:00','2020-01-10 00:22:42'),(410,10,'esse',5,'2002-10-14','2004-10-14','1986-01-15 12:04:45','2020-01-10 00:22:42'),(411,11,'consequatur',1,'1999-11-22','2000-11-22','1999-11-22 00:00:00','2020-01-10 00:22:42'),(412,12,'consequatur',2,'2000-03-31','2003-03-31','2000-03-31 00:00:00','2020-01-10 00:22:42'),(413,13,'quisquam',3,'1972-12-13','1973-12-13','1972-12-13 00:00:00','2020-01-10 00:22:42'),(414,14,'magnam',4,'2003-10-30','2006-10-30','1980-06-24 16:18:42','2020-01-10 00:22:42'),(415,15,'saepe',5,'1997-09-28','1998-09-28','1986-07-03 12:02:36','2020-01-10 00:22:42'),(416,16,'qui',1,'2001-01-22','2003-01-22','1985-09-22 05:57:03','2020-01-10 00:22:42'),(417,17,'quasi',2,'1972-06-09','1973-06-09','1972-06-09 00:00:00','2020-01-10 00:22:42'),(418,18,'totam',3,'1992-03-24','1994-03-24','1992-03-24 00:00:00','2020-01-10 00:22:42'),(419,19,'sit',4,'1980-08-12','1983-08-12','1980-08-12 00:00:00','2020-01-10 00:22:42'),(420,20,'et',5,'1973-10-23','1974-10-23','1973-10-23 00:00:00','2020-01-10 00:22:42'),(421,21,'animi',1,'1987-11-16','1989-11-16','1987-11-16 00:00:00','2020-01-10 00:22:42'),(422,22,'sapiente',2,'2002-05-29','2003-05-29','1991-07-10 10:22:55','2020-01-10 00:22:42'),(423,23,'et',3,'2001-03-22','2002-03-22','1981-10-29 14:44:38','2020-01-10 00:22:42'),(424,24,'laborum',4,'1995-01-06','1997-01-06','1987-11-03 10:42:55','2020-01-10 00:22:42'),(425,25,'iste',5,'1994-06-22','1997-06-22','1989-11-13 00:41:19','2020-01-10 00:22:42'),(426,26,'ipsa',1,'2017-01-26','2018-01-26','1979-08-20 03:49:34','2020-01-10 00:22:42'),(427,27,'quos',2,'2004-04-07','2005-04-07','2001-12-04 19:33:27','2020-01-10 00:22:42'),(428,28,'beatae',3,'1972-08-06','1974-08-06','1972-08-06 00:00:00','2020-01-10 00:22:42'),(429,29,'perferendis',4,'1975-08-19','1978-08-19','1975-08-19 00:00:00','2020-01-10 00:22:42'),(430,30,'aperiam',5,'1978-09-25','1980-09-25','1974-03-13 21:47:39','2020-01-10 00:22:42'),(431,31,'nostrum',1,'2015-04-15','2017-04-15','1984-08-29 23:38:51','2020-01-10 00:22:42'),(432,32,'commodi',2,'1984-10-15','1986-10-15','1982-11-12 00:24:51','2020-01-10 00:22:42'),(433,33,'voluptas',3,'1970-04-05','1972-04-05','1970-04-05 00:00:00','2020-01-10 00:22:42'),(434,34,'consequatur',4,'2010-12-20','2012-12-20','1989-07-08 14:28:39','2020-01-10 00:22:42'),(435,35,'omnis',5,'1992-07-13','1995-07-13','1977-06-18 23:40:28','2020-01-10 00:22:42'),(436,36,'nulla',1,'2014-01-27','2017-01-27','1983-02-25 17:30:04','2020-01-10 00:22:42'),(437,37,'eum',2,'2000-06-27','2002-06-27','1997-10-11 09:07:28','2020-01-10 00:22:42'),(438,38,'error',3,'2007-03-21','2009-03-21','2007-03-21 00:00:00','2020-01-10 00:22:42'),(439,39,'nostrum',4,'1977-10-05','1978-10-05','1977-10-05 00:00:00','2020-01-10 00:22:42'),(440,40,'in',5,'2008-12-22','2011-12-22','2000-12-19 21:57:36','2020-01-10 00:22:42'),(441,41,'pariatur',1,'1982-07-24','1984-07-24','1982-07-24 00:00:00','2020-01-10 00:22:42'),(442,42,'doloremque',2,'1972-01-06','1973-01-06','1972-01-06 00:00:00','2020-01-10 00:22:42'),(443,43,'quis',3,'2011-04-10','2013-04-10','1975-03-13 22:25:58','2020-01-10 00:22:42'),(444,44,'officia',4,'1986-01-28','1989-01-28','1986-01-28 00:00:00','2020-01-10 00:22:42'),(445,45,'sed',5,'1987-02-13','1990-02-13','1987-02-13 00:00:00','2020-01-10 00:22:42'),(446,46,'provident',1,'1995-01-13','1996-01-13','1977-04-11 13:35:59','2020-01-10 00:22:42'),(447,47,'ut',2,'2006-01-08','2008-01-08','1991-04-06 04:01:32','2020-01-10 00:22:42'),(448,48,'culpa',3,'2010-04-21','2012-04-21','2010-02-06 15:09:06','2020-01-10 00:22:42'),(449,49,'sunt',4,'1994-09-12','1996-09-12','1983-03-02 04:35:26','2020-01-10 00:22:42'),(450,50,'eligendi',5,'2008-12-31','2010-12-31','1996-06-11 11:06:06','2020-01-10 00:22:42'),(451,51,'sunt',1,'1988-02-19','1989-02-19','1988-02-19 00:00:00','2020-01-10 00:22:42'),(452,52,'aliquam',2,'1993-03-21','1995-03-21','1981-09-01 06:02:49','2020-01-10 00:22:42'),(453,53,'similique',3,'1982-11-15','1984-11-15','1982-11-15 00:00:00','2020-01-10 00:22:42'),(454,54,'fugit',4,'2012-08-15','2014-08-15','2012-08-15 00:00:00','2020-01-10 00:22:42'),(455,55,'dolore',5,'1980-08-26','1982-08-26','1980-08-26 00:00:00','2020-01-10 00:22:42'),(456,56,'non',1,'1987-07-02','1989-07-02','1984-04-03 10:28:02','2020-01-10 00:22:42'),(457,57,'totam',2,'1974-08-02','1975-08-02','1974-08-02 00:00:00','2020-01-10 00:22:42'),(458,58,'quo',3,'2014-05-20','2017-05-20','2010-03-03 05:58:26','2020-01-10 00:22:42'),(459,59,'maiores',4,'1998-08-25','2000-08-25','1994-02-20 22:35:04','2020-01-10 00:22:42'),(460,60,'quos',5,'1973-06-17','1976-06-17','1973-06-17 00:00:00','2020-01-10 00:22:42'),(461,61,'sint',1,'1982-10-11','1984-10-11','1982-10-11 00:00:00','2020-01-10 00:22:42'),(462,62,'et',2,'2001-01-15','2003-01-15','1983-06-02 10:10:37','2020-01-10 00:22:42'),(463,63,'culpa',3,'1980-03-24','1982-03-24','1980-03-24 00:00:00','2020-01-10 00:22:42'),(464,64,'deleniti',4,'1983-12-19','1985-12-19','1983-12-19 00:00:00','2020-01-10 00:22:42'),(465,65,'nihil',5,'2011-02-12','2012-02-12','1990-03-12 23:08:10','2020-01-10 00:22:42'),(466,66,'velit',1,'2008-08-08','2010-08-08','1980-09-12 13:34:52','2020-01-10 00:22:42'),(467,67,'quo',2,'2000-11-25','2002-11-25','2000-11-25 00:00:00','2020-01-10 00:22:42'),(468,68,'impedit',3,'1984-08-13','1985-08-13','1970-07-25 03:00:04','2020-01-10 00:22:42'),(469,69,'ad',4,'2017-07-06','2020-07-06','1987-09-09 23:19:20','2020-01-10 00:22:42'),(470,70,'nostrum',5,'1990-04-16','1992-04-16','1990-04-16 00:00:00','2020-01-10 00:22:42'),(471,71,'dignissimos',1,'1984-01-10','1985-01-10','1974-09-20 10:45:04','2020-01-10 00:22:42'),(472,72,'iste',2,'2007-05-25','2009-05-25','2007-05-25 00:00:00','2020-01-10 00:22:42'),(473,73,'ea',3,'2003-03-16','2004-03-16','1998-06-08 14:55:39','2020-01-10 00:22:42'),(474,74,'fuga',4,'2002-12-02','2004-12-02','1983-03-04 09:01:51','2020-01-10 00:22:42'),(475,75,'eveniet',5,'1982-08-23','1984-08-23','1979-06-07 14:50:58','2020-01-10 00:22:42'),(476,76,'quas',1,'1983-07-01','1984-07-01','1971-04-13 14:04:32','2020-01-10 00:22:42'),(477,77,'ut',2,'1998-10-18','1999-10-18','1998-10-18 00:00:00','2020-01-10 00:22:42'),(478,78,'veritatis',3,'1978-08-16','1980-08-16','1978-08-16 00:00:00','2020-01-10 00:22:42'),(479,79,'iusto',4,'2013-04-21','2015-04-21','1991-07-28 01:17:58','2020-01-10 00:22:42'),(480,80,'reiciendis',5,'2010-12-24','2012-12-24','2008-04-27 20:16:44','2020-01-10 00:22:42'),(481,81,'vel',1,'1991-07-12','1992-07-12','1987-10-24 00:46:05','2020-01-10 00:22:42'),(482,82,'omnis',2,'2007-09-01','2008-09-01','2002-08-27 17:47:10','2020-01-10 00:22:42'),(483,83,'quae',3,'1987-06-21','1988-06-21','1987-06-21 00:00:00','2020-01-10 00:22:42'),(484,84,'voluptas',4,'2002-08-06','2004-08-06','1985-12-10 00:41:30','2020-01-10 00:22:42'),(485,85,'adipisci',5,'1995-08-19','1998-08-19','1995-08-19 00:00:00','2020-01-10 00:22:42'),(486,86,'architecto',1,'2001-01-03','2003-01-03','1998-03-01 15:16:03','2020-01-10 00:22:42'),(487,87,'esse',2,'1972-01-18','1975-01-18','1972-01-18 00:00:00','2020-01-10 00:22:42'),(488,88,'non',3,'2003-07-08','2005-07-08','1991-12-19 08:18:07','2020-01-10 00:22:42'),(489,89,'velit',4,'2009-06-30','2012-06-30','1998-11-26 22:50:32','2020-01-10 00:22:42'),(490,90,'quia',5,'1974-01-04','1975-01-04','1974-01-04 00:00:00','2020-01-10 00:22:42'),(491,91,'accusamus',1,'2004-06-25','2005-06-25','1979-11-26 16:51:08','2020-01-10 00:22:42'),(492,92,'natus',2,'2013-04-19','2015-04-19','2002-02-20 12:06:59','2020-01-10 00:22:42'),(493,93,'voluptatibus',3,'2008-12-11','2010-12-11','1976-04-27 18:55:57','2020-01-10 00:22:42'),(494,94,'exercitationem',4,'2010-12-23','2011-12-23','1972-06-18 20:11:46','2020-01-10 00:22:42'),(495,95,'inventore',5,'2008-08-04','2011-08-04','2001-06-01 16:53:02','2020-01-10 00:22:42'),(496,96,'a',1,'1984-03-10','1987-03-10','1984-03-10 00:00:00','2020-01-10 00:22:42'),(497,97,'beatae',2,'1974-10-28','1976-10-28','1974-10-28 00:00:00','2020-01-10 00:22:42'),(498,98,'perspiciatis',3,'2002-05-12','2003-05-12','1980-05-04 10:40:01','2020-01-10 00:22:42'),(499,99,'ea',4,'2018-12-26','2020-12-26','2000-12-24 02:09:53','2020-01-10 00:22:42'),(500,100,'ea',5,'1985-03-02','1988-03-02','1985-03-02 00:00:00','2020-01-10 00:22:42');
/*!40000 ALTER TABLE `stages` ENABLE KEYS */;
UNLOCK TABLES;
/*!50003 SET @saved_cs_client      = @@character_set_client */ ;
/*!50003 SET @saved_cs_results     = @@character_set_results */ ;
/*!50003 SET @saved_col_connection = @@collation_connection */ ;
/*!50003 SET character_set_client  = utf8mb4 */ ;
/*!50003 SET character_set_results = utf8mb4 */ ;
/*!50003 SET collation_connection  = utf8mb4_0900_ai_ci */ ;
/*!50003 SET @saved_sql_mode       = @@sql_mode */ ;
/*!50003 SET sql_mode              = 'ONLY_FULL_GROUP_BY,STRICT_TRANS_TABLES,NO_ZERO_IN_DATE,NO_ZERO_DATE,ERROR_FOR_DIVISION_BY_ZERO,NO_ENGINE_SUBSTITUTION' */ ;
DELIMITER ;;
/*!50003 CREATE*/ /*!50017 DEFINER=`root`@`localhost`*/ /*!50003 TRIGGER `check_start_data_for_projects_insert` AFTER INSERT ON `stages` FOR EACH ROW BEGIN
		UPDATE projects SET start_day = (SELECT MIN(start_day) FROM stages s WHERE projects.id = projects_id);
	END */;;
DELIMITER ;
/*!50003 SET sql_mode              = @saved_sql_mode */ ;
/*!50003 SET character_set_client  = @saved_cs_client */ ;
/*!50003 SET character_set_results = @saved_cs_results */ ;
/*!50003 SET collation_connection  = @saved_col_connection */ ;
/*!50003 SET @saved_cs_client      = @@character_set_client */ ;
/*!50003 SET @saved_cs_results     = @@character_set_results */ ;
/*!50003 SET @saved_col_connection = @@collation_connection */ ;
/*!50003 SET character_set_client  = utf8mb4 */ ;
/*!50003 SET character_set_results = utf8mb4 */ ;
/*!50003 SET collation_connection  = utf8mb4_0900_ai_ci */ ;
/*!50003 SET @saved_sql_mode       = @@sql_mode */ ;
/*!50003 SET sql_mode              = 'ONLY_FULL_GROUP_BY,STRICT_TRANS_TABLES,NO_ZERO_IN_DATE,NO_ZERO_DATE,ERROR_FOR_DIVISION_BY_ZERO,NO_ENGINE_SUBSTITUTION' */ ;
DELIMITER ;;
/*!50003 CREATE*/ /*!50017 DEFINER=`root`@`localhost`*/ /*!50003 TRIGGER `check_finish_data_for_projects_insert` AFTER INSERT ON `stages` FOR EACH ROW BEGIN
		UPDATE projects SET finish_day = (SELECT MAX(finish_day) FROM stages s WHERE projects.id = projects_id);
	END */;;
DELIMITER ;
/*!50003 SET sql_mode              = @saved_sql_mode */ ;
/*!50003 SET character_set_client  = @saved_cs_client */ ;
/*!50003 SET character_set_results = @saved_cs_results */ ;
/*!50003 SET collation_connection  = @saved_col_connection */ ;
/*!50003 SET @saved_cs_client      = @@character_set_client */ ;
/*!50003 SET @saved_cs_results     = @@character_set_results */ ;
/*!50003 SET @saved_col_connection = @@collation_connection */ ;
/*!50003 SET character_set_client  = utf8mb4 */ ;
/*!50003 SET character_set_results = utf8mb4 */ ;
/*!50003 SET collation_connection  = utf8mb4_0900_ai_ci */ ;
/*!50003 SET @saved_sql_mode       = @@sql_mode */ ;
/*!50003 SET sql_mode              = 'ONLY_FULL_GROUP_BY,STRICT_TRANS_TABLES,NO_ZERO_IN_DATE,NO_ZERO_DATE,ERROR_FOR_DIVISION_BY_ZERO,NO_ENGINE_SUBSTITUTION' */ ;
DELIMITER ;;
/*!50003 CREATE*/ /*!50017 DEFINER=`root`@`localhost`*/ /*!50003 TRIGGER `check_start_data_for_projects_update` AFTER UPDATE ON `stages` FOR EACH ROW BEGIN
		UPDATE projects SET start_day = (SELECT MIN(start_day) FROM stages s WHERE projects.id = projects_id);
	END */;;
DELIMITER ;
/*!50003 SET sql_mode              = @saved_sql_mode */ ;
/*!50003 SET character_set_client  = @saved_cs_client */ ;
/*!50003 SET character_set_results = @saved_cs_results */ ;
/*!50003 SET collation_connection  = @saved_col_connection */ ;
/*!50003 SET @saved_cs_client      = @@character_set_client */ ;
/*!50003 SET @saved_cs_results     = @@character_set_results */ ;
/*!50003 SET @saved_col_connection = @@collation_connection */ ;
/*!50003 SET character_set_client  = utf8mb4 */ ;
/*!50003 SET character_set_results = utf8mb4 */ ;
/*!50003 SET collation_connection  = utf8mb4_0900_ai_ci */ ;
/*!50003 SET @saved_sql_mode       = @@sql_mode */ ;
/*!50003 SET sql_mode              = 'ONLY_FULL_GROUP_BY,STRICT_TRANS_TABLES,NO_ZERO_IN_DATE,NO_ZERO_DATE,ERROR_FOR_DIVISION_BY_ZERO,NO_ENGINE_SUBSTITUTION' */ ;
DELIMITER ;;
/*!50003 CREATE*/ /*!50017 DEFINER=`root`@`localhost`*/ /*!50003 TRIGGER `check_finish_data_for_projects_update` AFTER UPDATE ON `stages` FOR EACH ROW BEGIN
		UPDATE projects SET finish_day = (SELECT MAX(finish_day) FROM stages s WHERE projects.id = projects_id);
	END */;;
DELIMITER ;
/*!50003 SET sql_mode              = @saved_sql_mode */ ;
/*!50003 SET character_set_client  = @saved_cs_client */ ;
/*!50003 SET character_set_results = @saved_cs_results */ ;
/*!50003 SET collation_connection  = @saved_col_connection */ ;

--
-- Table structure for table `statuses`
--

DROP TABLE IF EXISTS `statuses`;
/*!40101 SET @saved_cs_client     = @@character_set_client */;
/*!50503 SET character_set_client = utf8mb4 */;
CREATE TABLE `statuses` (
  `id` int(10) unsigned NOT NULL AUTO_INCREMENT,
  `name` varchar(150) COLLATE utf8mb4_general_ci NOT NULL,
  PRIMARY KEY (`id`),
  UNIQUE KEY `name` (`name`)
) ENGINE=InnoDB AUTO_INCREMENT=6 DEFAULT CHARSET=utf8mb4 COLLATE=utf8mb4_general_ci;
/*!40101 SET character_set_client = @saved_cs_client */;

--
-- Dumping data for table `statuses`
--

LOCK TABLES `statuses` WRITE;
/*!40000 ALTER TABLE `statuses` DISABLE KEYS */;
INSERT INTO `statuses` VALUES (3,' завершен'),(4,' на согласовании'),(2,' перспективный'),(1,' приостановлен'),(5,'актуальный');
/*!40000 ALTER TABLE `statuses` ENABLE KEYS */;
UNLOCK TABLES;

--
-- Final view structure for view `administrators_view`
--

/*!50001 DROP VIEW IF EXISTS `administrators_view`*/;
/*!50001 SET @saved_cs_client          = @@character_set_client */;
/*!50001 SET @saved_cs_results         = @@character_set_results */;
/*!50001 SET @saved_col_connection     = @@collation_connection */;
/*!50001 SET character_set_client      = utf8mb4 */;
/*!50001 SET character_set_results     = utf8mb4 */;
/*!50001 SET collation_connection      = utf8mb4_0900_ai_ci */;
/*!50001 CREATE ALGORITHM=UNDEFINED */
/*!50013 DEFINER=`root`@`localhost` SQL SECURITY DEFINER */
/*!50001 VIEW `administrators_view` AS select `m`.`login` AS `login`,`pt`.`name` AS `type`,`p`.`name` AS `name` from (((`managers` `m` join `projects_types` `pt`) join `projects` `p`) join `project_menegments` `pm`) where ((`m`.`id` = `pm`.`PA_id`) and (`pt`.`id` = `p`.`projects_type_id`) and (`pm`.`projects_id` = `p`.`id`)) */;
/*!50001 SET character_set_client      = @saved_cs_client */;
/*!50001 SET character_set_results     = @saved_cs_results */;
/*!50001 SET collation_connection      = @saved_col_connection */;

--
-- Final view structure for view `directions_types_view`
--

/*!50001 DROP VIEW IF EXISTS `directions_types_view`*/;
/*!50001 SET @saved_cs_client          = @@character_set_client */;
/*!50001 SET @saved_cs_results         = @@character_set_results */;
/*!50001 SET @saved_col_connection     = @@collation_connection */;
/*!50001 SET character_set_client      = utf8mb4 */;
/*!50001 SET character_set_results     = utf8mb4 */;
/*!50001 SET collation_connection      = utf8mb4_0900_ai_ci */;
/*!50001 CREATE ALGORITHM=UNDEFINED */
/*!50013 DEFINER=`root`@`localhost` SQL SECURITY DEFINER */
/*!50001 VIEW `directions_types_view` AS select `d`.`name` AS `direction`,`pt`.`name` AS `type`,`p`.`name` AS `name` from ((`directions` `d` join `projects_types` `pt`) join `projects` `p`) where ((`d`.`id` = `p`.`directions_id`) and (`pt`.`id` = `p`.`projects_type_id`)) */;
/*!50001 SET character_set_client      = @saved_cs_client */;
/*!50001 SET character_set_results     = @saved_cs_results */;
/*!50001 SET collation_connection      = @saved_col_connection */;

--
-- Final view structure for view `engineers_view`
--

/*!50001 DROP VIEW IF EXISTS `engineers_view`*/;
/*!50001 SET @saved_cs_client          = @@character_set_client */;
/*!50001 SET @saved_cs_results         = @@character_set_results */;
/*!50001 SET @saved_col_connection     = @@collation_connection */;
/*!50001 SET character_set_client      = utf8mb4 */;
/*!50001 SET character_set_results     = utf8mb4 */;
/*!50001 SET collation_connection      = utf8mb4_0900_ai_ci */;
/*!50001 CREATE ALGORITHM=UNDEFINED */
/*!50013 DEFINER=`root`@`localhost` SQL SECURITY DEFINER */
/*!50001 VIEW `engineers_view` AS select `m`.`login` AS `login`,`pt`.`name` AS `type`,`p`.`name` AS `name` from (((`managers` `m` join `projects_types` `pt`) join `projects` `p`) join `project_menegments` `pm`) where ((`m`.`id` = `pm`.`PE_id`) and (`pt`.`id` = `p`.`projects_type_id`) and (`pm`.`projects_id` = `p`.`id`)) */;
/*!50001 SET character_set_client      = @saved_cs_client */;
/*!50001 SET character_set_results     = @saved_cs_results */;
/*!50001 SET collation_connection      = @saved_col_connection */;

--
-- Final view structure for view `main_view`
--

/*!50001 DROP VIEW IF EXISTS `main_view`*/;
/*!50001 SET @saved_cs_client          = @@character_set_client */;
/*!50001 SET @saved_cs_results         = @@character_set_results */;
/*!50001 SET @saved_col_connection     = @@collation_connection */;
/*!50001 SET character_set_client      = utf8mb4 */;
/*!50001 SET character_set_results     = utf8mb4 */;
/*!50001 SET collation_connection      = utf8mb4_0900_ai_ci */;
/*!50001 CREATE ALGORITHM=UNDEFINED */
/*!50013 DEFINER=`root`@`localhost` SQL SECURITY DEFINER */
/*!50001 VIEW `main_view` AS select distinct `p`.`id` AS `id`,`p`.`name` AS `project name`,`p`.`pressmark` AS `pressmark`,`pt`.`name` AS `type`,`d`.`name` AS `direction`,(select concat(`m`.`first_name`,' ',`m`.`last_name`) from `managers` `m` where (`m`.`id` = `pm1`.`PM_id`)) AS `PM`,(select concat(`m`.`first_name`,' ',`m`.`last_name`) from `managers` `m` where (`m`.`id` = `pm1`.`PA_id`)) AS `PA`,(select concat(`m`.`first_name`,' ',`m`.`last_name`) from `managers` `m` where (`m`.`id` = `pm1`.`PE_id`)) AS `PE` from (((`projects` `p` join `project_menegments` `pm1` on((`pm1`.`projects_id` = `p`.`id`))) join `projects_types` `pt` on((`p`.`projects_type_id` = `pt`.`id`))) join `directions` `d` on((`p`.`directions_id` = `d`.`id`))) */;
/*!50001 SET character_set_client      = @saved_cs_client */;
/*!50001 SET character_set_results     = @saved_cs_results */;
/*!50001 SET collation_connection      = @saved_col_connection */;

--
-- Final view structure for view `main_view_2`
--

/*!50001 DROP VIEW IF EXISTS `main_view_2`*/;
/*!50001 SET @saved_cs_client          = @@character_set_client */;
/*!50001 SET @saved_cs_results         = @@character_set_results */;
/*!50001 SET @saved_col_connection     = @@collation_connection */;
/*!50001 SET character_set_client      = utf8mb4 */;
/*!50001 SET character_set_results     = utf8mb4 */;
/*!50001 SET collation_connection      = utf8mb4_0900_ai_ci */;
/*!50001 CREATE ALGORITHM=UNDEFINED */
/*!50013 DEFINER=`root`@`localhost` SQL SECURITY DEFINER */
/*!50001 VIEW `main_view_2` AS select distinct `p`.`name` AS `project name`,`p`.`pressmark` AS `pressmark`,`pt`.`name` AS `type`,`d`.`name` AS `direction`,`doc`.`name` AS `order`,(select concat(`m`.`first_name`,' ',`m`.`last_name`) from `managers` `m` where (`m`.`id` = `pm1`.`PM_id`)) AS `PM`,(select concat(`m`.`first_name`,' ',`m`.`last_name`) from `managers` `m` where (`m`.`id` = `pm1`.`PA_id`)) AS `PA`,(select concat(`m`.`first_name`,' ',`m`.`last_name`) from `managers` `m` where (`m`.`id` = `pm1`.`PE_id`)) AS `PE` from ((((`projects` `p` join `project_menegments` `pm1` on((`pm1`.`projects_id` = `p`.`id`))) join `projects_types` `pt` on((`p`.`projects_type_id` = `pt`.`id`))) join `directions` `d` on((`p`.`directions_id` = `d`.`id`))) join `documents` `doc` on(((`doc`.`projects_id` = `p`.`id`) and (`doc`.`documents_type_id` = 1)))) */;
/*!50001 SET character_set_client      = @saved_cs_client */;
/*!50001 SET character_set_results     = @saved_cs_results */;
/*!50001 SET collation_connection      = @saved_col_connection */;
/*!40103 SET TIME_ZONE=@OLD_TIME_ZONE */;

/*!40101 SET SQL_MODE=@OLD_SQL_MODE */;
/*!40014 SET FOREIGN_KEY_CHECKS=@OLD_FOREIGN_KEY_CHECKS */;
/*!40014 SET UNIQUE_CHECKS=@OLD_UNIQUE_CHECKS */;
/*!40101 SET CHARACTER_SET_CLIENT=@OLD_CHARACTER_SET_CLIENT */;
/*!40101 SET CHARACTER_SET_RESULTS=@OLD_CHARACTER_SET_RESULTS */;
/*!40101 SET COLLATION_CONNECTION=@OLD_COLLATION_CONNECTION */;
/*!40111 SET SQL_NOTES=@OLD_SQL_NOTES */;

-- Dump completed on 2020-01-10  0:33:39
